-- Seed data from mc.ru price lists 15.04.2026
-- Supplier: mc.ru (Металл Комплект)

INSERT INTO suppliers (id, name, phone, city, region, is_active) VALUES
  ('a2000000-0000-0000-0000-000000000001', 'Металл Комплект (mc.ru)', '+7(495)925-11-55', 'Москва', 'Москва', true)
ON CONFLICT DO NOTHING;

-- Subcategories
INSERT INTO categories (id, name, slug, parent_id) VALUES ('902d84a9-146e-4835-9438-45eafd868cfd', 'Трубы и профиль', 'truby-i-profil', (SELECT id FROM categories WHERE slug='metalloprokat')) ON CONFLICT DO NOTHING;
INSERT INTO categories (id, name, slug, parent_id) VALUES ('83c7604e-7d65-430d-b27d-10f4446460c0', 'Сортовой прокат', 'sortovoj-prokat', (SELECT id FROM categories WHERE slug='metalloprokat')) ON CONFLICT DO NOTHING;
INSERT INTO categories (id, name, slug, parent_id) VALUES ('eb93c36e-ae1e-49a9-965c-4734d8f4bbf1', 'Листовой прокат', 'listovoj-prokat', (SELECT id FROM categories WHERE slug='metalloprokat')) ON CONFLICT DO NOTHING;
INSERT INTO categories (id, name, slug, parent_id) VALUES ('196fa7a2-0832-4a95-9130-0ccdc9ee9e35', 'Метизы и крепёж', 'metizy-i-krepezh', (SELECT id FROM categories WHERE slug='metalloprokat')) ON CONFLICT DO NOTHING;
INSERT INTO categories (id, name, slug, parent_id) VALUES ('876ca379-f533-4ab6-814a-42fdeb5f2a98', 'Профнастил', 'profnastil', (SELECT id FROM categories WHERE slug='metalloprokat')) ON CONFLICT DO NOTHING;
INSERT INTO categories (id, name, slug, parent_id) VALUES ('10084d3c-174c-4f1e-839f-75fd0cee12bc', 'Цветной металл', 'cvetnoj-metall', (SELECT id FROM categories WHERE slug='metalloprokat')) ON CONFLICT DO NOTHING;
INSERT INTO categories (id, name, slug, parent_id) VALUES ('36de89ef-44b0-4de9-9018-f6ce1bdd5203', 'Нержавеющий металл', 'nerzhaveika', (SELECT id FROM categories WHERE slug='metalloprokat')) ON CONFLICT DO NOTHING;
INSERT INTO categories (id, name, slug, parent_id) VALUES ('909fd6c5-f69b-49dc-a6e8-d06bb503a249', 'Качественный прокат', 'kachestvennyj-prokat', (SELECT id FROM categories WHERE slug='metalloprokat')) ON CONFLICT DO NOTHING;
INSERT INTO categories (id, name, slug, parent_id) VALUES ('29a0d8f0-1243-4c68-b1dc-334b55edd049', 'Инженерные системы', 'inzhenernye-sistemy', (SELECT id FROM categories WHERE slug='metalloprokat')) ON CONFLICT DO NOTHING;

-- Products and prices

-- === Трубы и профиль (truby) ===
INSERT INTO products (id, name, slug, category_id, unit, description) VALUES ('6bd3e415-d8ef-4489-8d14-2aee5709a23d', 'ДУ    25  черн некондиция ДУ 3,2', '-25-3-2', (SELECT id FROM categories WHERE slug='truby-i-profil'), 'т', 'https://mc.ru') ON CONFLICT DO NOTHING;
INSERT INTO price_items (id, product_id, supplier_id, price_base, price_markup, currency, stock_qty) VALUES ('17f330e9-123a-4e8b-ae8b-f4f3cb4c5910', '6bd3e415-d8ef-4489-8d14-2aee5709a23d', 'a2000000-0000-0000-0000-000000000001', 28590.00, 30877.20, 'RUB', 1000) ON CONFLICT DO NOTHING;
INSERT INTO products (id, name, slug, category_id, unit, description) VALUES ('813f56da-84de-45b9-8fd4-8bc93658a134', 'ДУ    15  черн 2,5', '-15-2-5', (SELECT id FROM categories WHERE slug='truby-i-profil'), 'шт', 'https://mc.ru') ON CONFLICT DO NOTHING;
INSERT INTO price_items (id, product_id, supplier_id, price_base, price_markup, currency, stock_qty) VALUES ('337c223d-ae31-4b6f-a7f5-83d5dde04e42', '813f56da-84de-45b9-8fd4-8bc93658a134', 'a2000000-0000-0000-0000-000000000001', 53090.00, 57337.20, 'RUB', 1000) ON CONFLICT DO NOTHING;
INSERT INTO products (id, name, slug, category_id, unit, description) VALUES ('022ac84f-89fa-448b-8e9c-e249cc96a972', 'ДУ    25  черн под цинк ДУ 2,5', '-25-2-5', (SELECT id FROM categories WHERE slug='truby-i-profil'), 'шт', 'https://mc.ru') ON CONFLICT DO NOTHING;
INSERT INTO price_items (id, product_id, supplier_id, price_base, price_markup, currency, stock_qty) VALUES ('7fc062bf-f65d-4386-8e29-3b8b5e52fd45', '022ac84f-89fa-448b-8e9c-e249cc96a972', 'a2000000-0000-0000-0000-000000000001', 51590.00, 55717.20, 'RUB', 1000) ON CONFLICT DO NOTHING;
INSERT INTO products (id, name, slug, category_id, unit, description) VALUES ('e0687704-47a2-45d3-830a-e6ec73cf6dd2', 'ДУ    15  черн 2,8', '-15-2-8', (SELECT id FROM categories WHERE slug='truby-i-profil'), 'т', 'https://mc.ru') ON CONFLICT DO NOTHING;
INSERT INTO price_items (id, product_id, supplier_id, price_base, price_markup, currency, stock_qty) VALUES ('40670533-a327-4673-b5ae-c2c5e3de9ad6', 'e0687704-47a2-45d3-830a-e6ec73cf6dd2', 'a2000000-0000-0000-0000-000000000001', 52590.00, 56797.20, 'RUB', 1000) ON CONFLICT DO NOTHING;
INSERT INTO products (id, name, slug, category_id, unit, description) VALUES ('97d72cae-5ea0-4faa-9f70-d01247a3607c', 'ДУ    15  черн 2,8', '-15-2-8', (SELECT id FROM categories WHERE slug='truby-i-profil'), 'шт', 'https://mc.ru') ON CONFLICT DO NOTHING;
INSERT INTO price_items (id, product_id, supplier_id, price_base, price_markup, currency, stock_qty) VALUES ('0aece438-1ae2-4551-8461-ba2cada9df26', '97d72cae-5ea0-4faa-9f70-d01247a3607c', 'a2000000-0000-0000-0000-000000000001', 52090.00, 56257.20, 'RUB', 1000) ON CONFLICT DO NOTHING;
INSERT INTO products (id, name, slug, category_id, unit, description) VALUES ('17b8d8c0-7653-4f38-9d62-18298e8dc889', 'ДУ    25  черн под цинк ДУ 2,8', '-25-2-8', (SELECT id FROM categories WHERE slug='truby-i-profil'), 'шт', 'https://mc.ru') ON CONFLICT DO NOTHING;
INSERT INTO price_items (id, product_id, supplier_id, price_base, price_markup, currency, stock_qty) VALUES ('d73963dc-a1f6-4557-abc4-293f8a9f4951', '17b8d8c0-7653-4f38-9d62-18298e8dc889', 'a2000000-0000-0000-0000-000000000001', 51090.00, 55177.20, 'RUB', 1000) ON CONFLICT DO NOTHING;
INSERT INTO products (id, name, slug, category_id, unit, description) VALUES ('78f62db1-3466-4103-8405-8b23bc2383be', 'ДУ    32  черн 2,5', '-32-2-5', (SELECT id FROM categories WHERE slug='truby-i-profil'), 'шт', 'https://mc.ru') ON CONFLICT DO NOTHING;
INSERT INTO price_items (id, product_id, supplier_id, price_base, price_markup, currency, stock_qty) VALUES ('2db8c9ed-f401-4d4f-b3f4-ccec34270a5b', '78f62db1-3466-4103-8405-8b23bc2383be', 'a2000000-0000-0000-0000-000000000001', 51090.00, 55177.20, 'RUB', 1000) ON CONFLICT DO NOTHING;
INSERT INTO products (id, name, slug, category_id, unit, description) VALUES ('b28a1685-5c96-408d-b6c8-06ee9c8a7a8f', 'ДУ    15  черн 3,2', '-15-3-2', (SELECT id FROM categories WHERE slug='truby-i-profil'), 'шт', 'https://mc.ru') ON CONFLICT DO NOTHING;
INSERT INTO price_items (id, product_id, supplier_id, price_base, price_markup, currency, stock_qty) VALUES ('0be54130-c28e-4815-ba74-8dc0bb57d391', 'b28a1685-5c96-408d-b6c8-06ee9c8a7a8f', 'a2000000-0000-0000-0000-000000000001', 52090.00, 56257.20, 'RUB', 1000) ON CONFLICT DO NOTHING;
INSERT INTO products (id, name, slug, category_id, unit, description) VALUES ('fbd7ef37-7b98-4cb6-a89d-a92411422fa6', 'ДУ    15  черн 3м 2,8', '-15-3-2-8', (SELECT id FROM categories WHERE slug='truby-i-profil'), 'шт', 'https://mc.ru') ON CONFLICT DO NOTHING;
INSERT INTO price_items (id, product_id, supplier_id, price_base, price_markup, currency, stock_qty) VALUES ('47a3eaf1-42b1-4ebc-8837-22170db8a412', 'fbd7ef37-7b98-4cb6-a89d-a92411422fa6', 'a2000000-0000-0000-0000-000000000001', 53090.00, 57337.20, 'RUB', 1000) ON CONFLICT DO NOTHING;
INSERT INTO products (id, name, slug, category_id, unit, description) VALUES ('28df8ace-5e05-4a04-b29d-4bced3498230', 'ДУ    32  черн 2,8', '-32-2-8', (SELECT id FROM categories WHERE slug='truby-i-profil'), 'шт', 'https://mc.ru') ON CONFLICT DO NOTHING;
INSERT INTO price_items (id, product_id, supplier_id, price_base, price_markup, currency, stock_qty) VALUES ('611993a2-c85f-4005-a030-87fe23aba9fc', '28df8ace-5e05-4a04-b29d-4bced3498230', 'a2000000-0000-0000-0000-000000000001', 51090.00, 55177.20, 'RUB', 1000) ON CONFLICT DO NOTHING;
INSERT INTO products (id, name, slug, category_id, unit, description) VALUES ('7ea71f57-f12a-463f-89af-453ff1273460', 'ДУ    15  черн неконд 2,5', '-15-2-5', (SELECT id FROM categories WHERE slug='truby-i-profil'), 'т', 'https://mc.ru') ON CONFLICT DO NOTHING;
INSERT INTO price_items (id, product_id, supplier_id, price_base, price_markup, currency, stock_qty) VALUES ('7ae29ba6-9fda-414e-ac5c-0ae867bdd0b1', '7ea71f57-f12a-463f-89af-453ff1273460', 'a2000000-0000-0000-0000-000000000001', 28590.00, 30877.20, 'RUB', 1000) ON CONFLICT DO NOTHING;
INSERT INTO products (id, name, slug, category_id, unit, description) VALUES ('da05a5ad-46af-4336-9094-118ca8358b7e', 'ДУ    15  черн некондиция 2,8 ; 3,2', '-15-2-8-3-2', (SELECT id FROM categories WHERE slug='truby-i-profil'), 'т', 'https://mc.ru') ON CONFLICT DO NOTHING;
INSERT INTO price_items (id, product_id, supplier_id, price_base, price_markup, currency, stock_qty) VALUES ('5361f0ba-c4fa-4a42-a5ce-43f294d0a045', 'da05a5ad-46af-4336-9094-118ca8358b7e', 'a2000000-0000-0000-0000-000000000001', 28590.00, 30877.20, 'RUB', 1000) ON CONFLICT DO NOTHING;
INSERT INTO products (id, name, slug, category_id, unit, description) VALUES ('bd31e8e1-3b8c-43be-9480-c76ce94cd8f2', 'ДУ    32  черн 3,2', '-32-3-2', (SELECT id FROM categories WHERE slug='truby-i-profil'), 'шт', 'https://mc.ru') ON CONFLICT DO NOTHING;
INSERT INTO price_items (id, product_id, supplier_id, price_base, price_markup, currency, stock_qty) VALUES ('dd0bf913-c4d5-4b05-93dc-d05b9987e631', 'bd31e8e1-3b8c-43be-9480-c76ce94cd8f2', 'a2000000-0000-0000-0000-000000000001', 51090.00, 55177.20, 'RUB', 1000) ON CONFLICT DO NOTHING;
INSERT INTO products (id, name, slug, category_id, unit, description) VALUES ('33e48bde-895d-4c61-98db-7cf28709f43d', 'ДУ    20  черн 2,5', '-20-2-5', (SELECT id FROM categories WHERE slug='truby-i-profil'), 'шт', 'https://mc.ru') ON CONFLICT DO NOTHING;
INSERT INTO price_items (id, product_id, supplier_id, price_base, price_markup, currency, stock_qty) VALUES ('eca5d940-2842-4451-acd9-4cade906f286', '33e48bde-895d-4c61-98db-7cf28709f43d', 'a2000000-0000-0000-0000-000000000001', 53090.00, 57337.20, 'RUB', 1000) ON CONFLICT DO NOTHING;
INSERT INTO products (id, name, slug, category_id, unit, description) VALUES ('721c4e25-087f-4577-a3c8-00212bf189a1', 'ДУ    20  черн 2,8', '-20-2-8', (SELECT id FROM categories WHERE slug='truby-i-profil'), 'шт', 'https://mc.ru') ON CONFLICT DO NOTHING;
INSERT INTO price_items (id, product_id, supplier_id, price_base, price_markup, currency, stock_qty) VALUES ('ebc2386a-2661-4aad-b7ad-f91e8db1197a', '721c4e25-087f-4577-a3c8-00212bf189a1', 'a2000000-0000-0000-0000-000000000001', 52090.00, 56257.20, 'RUB', 1000) ON CONFLICT DO NOTHING;
INSERT INTO products (id, name, slug, category_id, unit, description) VALUES ('ac41711a-e4f5-4c80-976a-c7beb19c9593', 'ДУ    32  черн 4', '-32-4', (SELECT id FROM categories WHERE slug='truby-i-profil'), 'шт', 'https://mc.ru') ON CONFLICT DO NOTHING;
INSERT INTO price_items (id, product_id, supplier_id, price_base, price_markup, currency, stock_qty) VALUES ('e89c2324-81da-4331-8143-6fe9821cc633', 'ac41711a-e4f5-4c80-976a-c7beb19c9593', 'a2000000-0000-0000-0000-000000000001', 51590.00, 55717.20, 'RUB', 1000) ON CONFLICT DO NOTHING;
INSERT INTO products (id, name, slug, category_id, unit, description) VALUES ('ee86c385-127b-476f-96b7-8433dccebb99', 'ДУ    32  черн некондиция 2,5 ; 2,8; 3,2', '-32-2-5-2-8-3-2', (SELECT id FROM categories WHERE slug='truby-i-profil'), 'т', 'https://mc.ru') ON CONFLICT DO NOTHING;
INSERT INTO price_items (id, product_id, supplier_id, price_base, price_markup, currency, stock_qty) VALUES ('da42f7c2-cd57-4e2d-bdee-c00ee1fec37f', 'ee86c385-127b-476f-96b7-8433dccebb99', 'a2000000-0000-0000-0000-000000000001', 28590.00, 30877.20, 'RUB', 1000) ON CONFLICT DO NOTHING;
INSERT INTO products (id, name, slug, category_id, unit, description) VALUES ('811d4359-8654-49cd-aa99-b26936fefc1f', 'ДУ    20  черн 3,2', '-20-3-2', (SELECT id FROM categories WHERE slug='truby-i-profil'), 'шт', 'https://mc.ru') ON CONFLICT DO NOTHING;
INSERT INTO price_items (id, product_id, supplier_id, price_base, price_markup, currency, stock_qty) VALUES ('6e17e3c0-af91-4737-8020-cd68c0a78f79', '811d4359-8654-49cd-aa99-b26936fefc1f', 'a2000000-0000-0000-0000-000000000001', 52090.00, 56257.20, 'RUB', 1000) ON CONFLICT DO NOTHING;
INSERT INTO products (id, name, slug, category_id, unit, description) VALUES ('3c18380a-7038-4225-9da3-99f119f5ef47', 'ДУ    40  черн 2,5', '-40-2-5', (SELECT id FROM categories WHERE slug='truby-i-profil'), 'шт', 'https://mc.ru') ON CONFLICT DO NOTHING;
INSERT INTO price_items (id, product_id, supplier_id, price_base, price_markup, currency, stock_qty) VALUES ('e8f57b97-44be-4c85-a00d-308bc2f679b5', '3c18380a-7038-4225-9da3-99f119f5ef47', 'a2000000-0000-0000-0000-000000000001', 52590.00, 56797.20, 'RUB', 1000) ON CONFLICT DO NOTHING;
INSERT INTO products (id, name, slug, category_id, unit, description) VALUES ('a1de79b9-728b-4b74-8e36-738367d66394', 'ДУ    20  черн некондиция 2,8 ; 3,2', '-20-2-8-3-2', (SELECT id FROM categories WHERE slug='truby-i-profil'), 'т', 'https://mc.ru') ON CONFLICT DO NOTHING;
INSERT INTO price_items (id, product_id, supplier_id, price_base, price_markup, currency, stock_qty) VALUES ('e5ac091c-c67d-45ea-b60b-cd8d6c584318', 'a1de79b9-728b-4b74-8e36-738367d66394', 'a2000000-0000-0000-0000-000000000001', 28590.00, 30877.20, 'RUB', 1000) ON CONFLICT DO NOTHING;
INSERT INTO products (id, name, slug, category_id, unit, description) VALUES ('e5463532-546e-40ea-b0ee-f0ef197ff997', 'ДУ    40  черн 2,8', '-40-2-8', (SELECT id FROM categories WHERE slug='truby-i-profil'), 'шт', 'https://mc.ru') ON CONFLICT DO NOTHING;
INSERT INTO price_items (id, product_id, supplier_id, price_base, price_markup, currency, stock_qty) VALUES ('44986800-bf64-4a18-81b6-7c53bc52799b', 'e5463532-546e-40ea-b0ee-f0ef197ff997', 'a2000000-0000-0000-0000-000000000001', 52590.00, 56797.20, 'RUB', 1000) ON CONFLICT DO NOTHING;
INSERT INTO products (id, name, slug, category_id, unit, description) VALUES ('20f3615b-a8a2-4f2e-b9c4-68ef95f373f6', 'ДУ    20  черн некондиция ДУ 2,5 ; 2,8', '-20-2-5-2-8', (SELECT id FROM categories WHERE slug='truby-i-profil'), 'т', 'https://mc.ru') ON CONFLICT DO NOTHING;
INSERT INTO price_items (id, product_id, supplier_id, price_base, price_markup, currency, stock_qty) VALUES ('bc495743-a687-4344-a009-e49501c68a40', '20f3615b-a8a2-4f2e-b9c4-68ef95f373f6', 'a2000000-0000-0000-0000-000000000001', 28590.00, 30877.20, 'RUB', 1000) ON CONFLICT DO NOTHING;
INSERT INTO products (id, name, slug, category_id, unit, description) VALUES ('894ca5be-c8c8-48c4-918d-6c38c6fb9f4c', 'ДУ    40  черн 3', '-40-3', (SELECT id FROM categories WHERE slug='truby-i-profil'), 'шт', 'https://mc.ru') ON CONFLICT DO NOTHING;
INSERT INTO price_items (id, product_id, supplier_id, price_base, price_markup, currency, stock_qty) VALUES ('b4f216a9-d281-4f8b-b755-aa62936dd36f', '894ca5be-c8c8-48c4-918d-6c38c6fb9f4c', 'a2000000-0000-0000-0000-000000000001', 51090.00, 55177.20, 'RUB', 1000) ON CONFLICT DO NOTHING;
INSERT INTO products (id, name, slug, category_id, unit, description) VALUES ('2f69f044-bb47-420e-8261-dc9ee608afb5', 'ДУ    25  черн 2,5', '-25-2-5', (SELECT id FROM categories WHERE slug='truby-i-profil'), 'шт', 'https://mc.ru') ON CONFLICT DO NOTHING;
INSERT INTO price_items (id, product_id, supplier_id, price_base, price_markup, currency, stock_qty) VALUES ('fac3a7db-0c7a-47a5-9141-2ad7038d4512', '2f69f044-bb47-420e-8261-dc9ee608afb5', 'a2000000-0000-0000-0000-000000000001', 51090.00, 55177.20, 'RUB', 1000) ON CONFLICT DO NOTHING;
INSERT INTO products (id, name, slug, category_id, unit, description) VALUES ('63aece3f-a905-4cc0-b0e2-7cae827c652d', 'ДУ    40  черн 3,2', '-40-3-2', (SELECT id FROM categories WHERE slug='truby-i-profil'), 'шт', 'https://mc.ru') ON CONFLICT DO NOTHING;
INSERT INTO price_items (id, product_id, supplier_id, price_base, price_markup, currency, stock_qty) VALUES ('564fbf17-f00b-407f-9d9e-459a0b3beed4', '63aece3f-a905-4cc0-b0e2-7cae827c652d', 'a2000000-0000-0000-0000-000000000001', 51090.00, 55177.20, 'RUB', 1000) ON CONFLICT DO NOTHING;
INSERT INTO products (id, name, slug, category_id, unit, description) VALUES ('66bd01a1-5b5c-4b19-b26c-6af5299784b3', 'ДУ    25  черн 2,8', '-25-2-8', (SELECT id FROM categories WHERE slug='truby-i-profil'), 'шт', 'https://mc.ru') ON CONFLICT DO NOTHING;
INSERT INTO price_items (id, product_id, supplier_id, price_base, price_markup, currency, stock_qty) VALUES ('d68529da-d1f9-4288-ab37-ae37feefb0a9', '66bd01a1-5b5c-4b19-b26c-6af5299784b3', 'a2000000-0000-0000-0000-000000000001', 51090.00, 55177.20, 'RUB', 1000) ON CONFLICT DO NOTHING;
INSERT INTO products (id, name, slug, category_id, unit, description) VALUES ('e6ed1877-f5a0-4162-a3a1-52d13b26a3cf', 'ДУ    40  черн 3,5', '-40-3-5', (SELECT id FROM categories WHERE slug='truby-i-profil'), 'шт', 'https://mc.ru') ON CONFLICT DO NOTHING;
INSERT INTO price_items (id, product_id, supplier_id, price_base, price_markup, currency, stock_qty) VALUES ('be18884c-525e-4026-b3a7-56ff3ca279ea', 'e6ed1877-f5a0-4162-a3a1-52d13b26a3cf', 'a2000000-0000-0000-0000-000000000001', 51090.00, 55177.20, 'RUB', 1000) ON CONFLICT DO NOTHING;
INSERT INTO products (id, name, slug, category_id, unit, description) VALUES ('f47765ea-0737-4796-807c-4df063528ef5', 'ДУ    25  черн 3,2', '-25-3-2', (SELECT id FROM categories WHERE slug='truby-i-profil'), 'шт', 'https://mc.ru') ON CONFLICT DO NOTHING;
INSERT INTO price_items (id, product_id, supplier_id, price_base, price_markup, currency, stock_qty) VALUES ('a1bab073-5a3c-4722-b39a-15633358c3d9', 'f47765ea-0737-4796-807c-4df063528ef5', 'a2000000-0000-0000-0000-000000000001', 51090.00, 55177.20, 'RUB', 1000) ON CONFLICT DO NOTHING;
INSERT INTO products (id, name, slug, category_id, unit, description) VALUES ('320d90c7-870d-4c1d-981a-6e7761f9554a', 'ДУ    40  черн 3,5 ; 4', '-40-3-5-4', (SELECT id FROM categories WHERE slug='truby-i-profil'), 'шт', 'https://mc.ru') ON CONFLICT DO NOTHING;
INSERT INTO price_items (id, product_id, supplier_id, price_base, price_markup, currency, stock_qty) VALUES ('13827b42-46b4-416a-bdab-8619629bee11', '320d90c7-870d-4c1d-981a-6e7761f9554a', 'a2000000-0000-0000-0000-000000000001', 53090.00, 57337.20, 'RUB', 1000) ON CONFLICT DO NOTHING;
INSERT INTO products (id, name, slug, category_id, unit, description) VALUES ('77a87701-e0e3-4037-8761-478478df4d2a', 'ДУ    40  черн', '-40-', (SELECT id FROM categories WHERE slug='truby-i-profil'), 'шт', 'https://mc.ru') ON CONFLICT DO NOTHING;
INSERT INTO price_items (id, product_id, supplier_id, price_base, price_markup, currency, stock_qty) VALUES ('91934a42-9aed-445d-b074-4309236e29c8', '77a87701-e0e3-4037-8761-478478df4d2a', 'a2000000-0000-0000-0000-000000000001', 53590.00, 57877.20, 'RUB', 1000) ON CONFLICT DO NOTHING;
INSERT INTO products (id, name, slug, category_id, unit, description) VALUES ('85726141-6f4e-4931-9eb6-9313abedba4e', 'ДУ    25  черн 3,5', '-25-3-5', (SELECT id FROM categories WHERE slug='truby-i-profil'), 'шт', 'https://mc.ru') ON CONFLICT DO NOTHING;
INSERT INTO price_items (id, product_id, supplier_id, price_base, price_markup, currency, stock_qty) VALUES ('f90d5f62-2745-4cbd-8da9-923cccb7d90d', '85726141-6f4e-4931-9eb6-9313abedba4e', 'a2000000-0000-0000-0000-000000000001', 58090.00, 62737.20, 'RUB', 1000) ON CONFLICT DO NOTHING;
INSERT INTO products (id, name, slug, category_id, unit, description) VALUES ('6859cb09-9c70-4921-997b-64d39c6cb97d', 'ДУ    40  черн некондиция 2,5', '-40-2-5', (SELECT id FROM categories WHERE slug='truby-i-profil'), 'т', 'https://mc.ru') ON CONFLICT DO NOTHING;
INSERT INTO price_items (id, product_id, supplier_id, price_base, price_markup, currency, stock_qty) VALUES ('5418f97d-6b51-4a12-8ce1-488bab44eb2c', '6859cb09-9c70-4921-997b-64d39c6cb97d', 'a2000000-0000-0000-0000-000000000001', 28590.00, 30877.20, 'RUB', 1000) ON CONFLICT DO NOTHING;
INSERT INTO products (id, name, slug, category_id, unit, description) VALUES ('77a2582a-7a83-45d3-adcc-32e2999ef2b9', 'ДУ    25  черн 4', '-25-4', (SELECT id FROM categories WHERE slug='truby-i-profil'), 'шт', 'https://mc.ru') ON CONFLICT DO NOTHING;
INSERT INTO price_items (id, product_id, supplier_id, price_base, price_markup, currency, stock_qty) VALUES ('2e0dbe6d-4f21-49cf-b00f-a22648120f4d', '77a2582a-7a83-45d3-adcc-32e2999ef2b9', 'a2000000-0000-0000-0000-000000000001', 58090.00, 62737.20, 'RUB', 1000) ON CONFLICT DO NOTHING;
INSERT INTO products (id, name, slug, category_id, unit, description) VALUES ('fbd49ed5-e54a-47e0-ad84-5ad57780e4bf', 'ДУ    40  черн н/д ДУ некондиция 3', '-40-3', (SELECT id FROM categories WHERE slug='truby-i-profil'), 'т', 'https://mc.ru') ON CONFLICT DO NOTHING;
INSERT INTO price_items (id, product_id, supplier_id, price_base, price_markup, currency, stock_qty) VALUES ('780aabc2-0527-4b18-92f4-213035823cc6', 'fbd49ed5-e54a-47e0-ad84-5ad57780e4bf', 'a2000000-0000-0000-0000-000000000001', 28090.00, 30337.20, 'RUB', 1000) ON CONFLICT DO NOTHING;
INSERT INTO products (id, name, slug, category_id, unit, description) VALUES ('3a042f58-32f2-44c2-9475-8851ccfbc96e', 'ДУ    50  черн 2,5', '-50-2-5', (SELECT id FROM categories WHERE slug='truby-i-profil'), 'шт', 'https://mc.ru') ON CONFLICT DO NOTHING;
INSERT INTO price_items (id, product_id, supplier_id, price_base, price_markup, currency, stock_qty) VALUES ('16960bd7-1e9b-4cdb-ab06-639aa651737d', '3a042f58-32f2-44c2-9475-8851ccfbc96e', 'a2000000-0000-0000-0000-000000000001', 52590.00, 56797.20, 'RUB', 1000) ON CONFLICT DO NOTHING;
INSERT INTO products (id, name, slug, category_id, unit, description) VALUES ('393e7e5d-35a4-4bc9-8fca-b0b8027c8dc4', 'ДУ    25  черн 3м 3,5', '-25-3-3-5', (SELECT id FROM categories WHERE slug='truby-i-profil'), 'шт', 'https://mc.ru') ON CONFLICT DO NOTHING;
INSERT INTO price_items (id, product_id, supplier_id, price_base, price_markup, currency, stock_qty) VALUES ('2126c118-2d5a-44ed-8f5f-93b45e58f0d7', '393e7e5d-35a4-4bc9-8fca-b0b8027c8dc4', 'a2000000-0000-0000-0000-000000000001', 58590.00, 63277.20, 'RUB', 1000) ON CONFLICT DO NOTHING;
INSERT INTO products (id, name, slug, category_id, unit, description) VALUES ('88ddb3df-bccc-4ce9-b444-42d8ca4ad585', 'ДУ    50  черн 3', '-50-3', (SELECT id FROM categories WHERE slug='truby-i-profil'), 'шт', 'https://mc.ru') ON CONFLICT DO NOTHING;
INSERT INTO price_items (id, product_id, supplier_id, price_base, price_markup, currency, stock_qty) VALUES ('4ccbce19-e31d-4cc6-a844-7657aad8e889', '88ddb3df-bccc-4ce9-b444-42d8ca4ad585', 'a2000000-0000-0000-0000-000000000001', 51090.00, 55177.20, 'RUB', 1000) ON CONFLICT DO NOTHING;
INSERT INTO products (id, name, slug, category_id, unit, description) VALUES ('65ee51e9-ed45-4b46-a746-1244ba9216bf', 'ДУ    25  черн некондиция 2,5 ; 2,8; 3,5; 4', '-25-2-5-2-8-3-5-4', (SELECT id FROM categories WHERE slug='truby-i-profil'), 'т', 'https://mc.ru') ON CONFLICT DO NOTHING;
INSERT INTO price_items (id, product_id, supplier_id, price_base, price_markup, currency, stock_qty) VALUES ('8a90ed85-eeeb-4133-9e8a-8672e8092fd4', '65ee51e9-ed45-4b46-a746-1244ba9216bf', 'a2000000-0000-0000-0000-000000000001', 28590.00, 30877.20, 'RUB', 1000) ON CONFLICT DO NOTHING;
INSERT INTO products (id, name, slug, category_id, unit, description) VALUES ('8a221f0f-e6bd-4525-b6d1-6ff95176a11e', 'ДУ    25  черн под цинк 3,2', '-25-3-2', (SELECT id FROM categories WHERE slug='truby-i-profil'), 'шт', 'https://mc.ru') ON CONFLICT DO NOTHING;
INSERT INTO price_items (id, product_id, supplier_id, price_base, price_markup, currency, stock_qty) VALUES ('981dec73-3679-4ab9-9230-a1d17fb741e5', '8a221f0f-e6bd-4525-b6d1-6ff95176a11e', 'a2000000-0000-0000-0000-000000000001', 51090.00, 55177.20, 'RUB', 1000) ON CONFLICT DO NOTHING;
INSERT INTO products (id, name, slug, category_id, unit, description) VALUES ('bd24a6f8-3fb1-4a91-ad17-71cc7db338d9', 'ДУ    50  черн 3,5', '-50-3-5', (SELECT id FROM categories WHERE slug='truby-i-profil'), 'шт', 'https://mc.ru') ON CONFLICT DO NOTHING;
INSERT INTO price_items (id, product_id, supplier_id, price_base, price_markup, currency, stock_qty) VALUES ('6eed0f8a-d2ef-49e7-b176-5329fe7765d1', 'bd24a6f8-3fb1-4a91-ad17-71cc7db338d9', 'a2000000-0000-0000-0000-000000000001', 51090.00, 55177.20, 'RUB', 1000) ON CONFLICT DO NOTHING;
INSERT INTO products (id, name, slug, category_id, unit, description) VALUES ('76affb5c-cb82-4cda-a43c-9676d63a7b57', 'ДУ    50  черн 4', '-50-4', (SELECT id FROM categories WHERE slug='truby-i-profil'), 'шт', 'https://mc.ru') ON CONFLICT DO NOTHING;
INSERT INTO price_items (id, product_id, supplier_id, price_base, price_markup, currency, stock_qty) VALUES ('f06db219-f152-410a-929b-a3ca1ee32fcf', '76affb5c-cb82-4cda-a43c-9676d63a7b57', 'a2000000-0000-0000-0000-000000000001', 54590.00, 58957.20, 'RUB', 1000) ON CONFLICT DO NOTHING;
INSERT INTO products (id, name, slug, category_id, unit, description) VALUES ('52b7ffb4-61b8-4694-b33a-fa252a6034e4', 'ДУ    25  черн Тагмет (печная сварка) 2,8', '-25-2-8', (SELECT id FROM categories WHERE slug='truby-i-profil'), 'шт', 'https://mc.ru') ON CONFLICT DO NOTHING;
INSERT INTO price_items (id, product_id, supplier_id, price_base, price_markup, currency, stock_qty) VALUES ('c3605e0f-b9e1-4754-b85f-efc08bb09fdf', '52b7ffb4-61b8-4694-b33a-fa252a6034e4', 'a2000000-0000-0000-0000-000000000001', 51590.00, 55717.20, 'RUB', 1000) ON CONFLICT DO NOTHING;
INSERT INTO products (id, name, slug, category_id, unit, description) VALUES ('cb832d72-4063-4abe-a36c-683112c12ed4', 'ДУ    50  черн 4,5', '-50-4-5', (SELECT id FROM categories WHERE slug='truby-i-profil'), 'шт', 'https://mc.ru') ON CONFLICT DO NOTHING;
INSERT INTO price_items (id, product_id, supplier_id, price_base, price_markup, currency, stock_qty) VALUES ('d8ee5d45-b9a5-49db-9f9e-4f093de1c8d0', 'cb832d72-4063-4abe-a36c-683112c12ed4', 'a2000000-0000-0000-0000-000000000001', 54590.00, 58957.20, 'RUB', 1000) ON CONFLICT DO NOTHING;
INSERT INTO products (id, name, slug, category_id, unit, description) VALUES ('5cbc543b-afd4-4dc1-b63e-2d3261814cd3', 'ДУ    20  оцинк 2,8', '-20-2-8', (SELECT id FROM categories WHERE slug='truby-i-profil'), 'шт', 'https://mc.ru') ON CONFLICT DO NOTHING;
INSERT INTO price_items (id, product_id, supplier_id, price_base, price_markup, currency, stock_qty) VALUES ('4e468ecc-72a3-4af9-8d0a-0a100f1a0481', '5cbc543b-afd4-4dc1-b63e-2d3261814cd3', 'a2000000-0000-0000-0000-000000000001', 89590.00, 96757.20, 'RUB', 1000) ON CONFLICT DO NOTHING;
INSERT INTO products (id, name, slug, category_id, unit, description) VALUES ('2a4a1c6c-31ce-415e-83c6-88961580d766', 'ДУ    20  оцинк Тагмет (печная сварка) 2,5', '-20-2-5', (SELECT id FROM categories WHERE slug='truby-i-profil'), 'шт', 'https://mc.ru') ON CONFLICT DO NOTHING;
INSERT INTO price_items (id, product_id, supplier_id, price_base, price_markup, currency, stock_qty) VALUES ('d5105178-fcde-4abe-be18-59be4c751456', '2a4a1c6c-31ce-415e-83c6-88961580d766', 'a2000000-0000-0000-0000-000000000001', 89590.00, 96757.20, 'RUB', 1000) ON CONFLICT DO NOTHING;
INSERT INTO products (id, name, slug, category_id, unit, description) VALUES ('cefb4516-641c-4f72-b21b-d2663145cc2f', 'ДУ    50  черн некондиция 4,5', '-50-4-5', (SELECT id FROM categories WHERE slug='truby-i-profil'), 'т', 'https://mc.ru') ON CONFLICT DO NOTHING;
INSERT INTO price_items (id, product_id, supplier_id, price_base, price_markup, currency, stock_qty) VALUES ('a18261b5-932d-482a-9759-648cdc0eaee7', 'cefb4516-641c-4f72-b21b-d2663145cc2f', 'a2000000-0000-0000-0000-000000000001', 28590.00, 30877.20, 'RUB', 1000) ON CONFLICT DO NOTHING;
INSERT INTO products (id, name, slug, category_id, unit, description) VALUES ('07926a84-de08-402f-bbed-9f6050910884', 'ДУ    50  черн Тагмет (печная сварка) 3', '-50-3', (SELECT id FROM categories WHERE slug='truby-i-profil'), 'шт', 'https://mc.ru') ON CONFLICT DO NOTHING;
INSERT INTO price_items (id, product_id, supplier_id, price_base, price_markup, currency, stock_qty) VALUES ('ff1984ce-8dcd-4576-bc91-b5db5ae0a91c', '07926a84-de08-402f-bbed-9f6050910884', 'a2000000-0000-0000-0000-000000000001', 51590.00, 55717.20, 'RUB', 1000) ON CONFLICT DO NOTHING;
INSERT INTO products (id, name, slug, category_id, unit, description) VALUES ('5cbed373-255e-4c5b-8bb1-b5cc7b575a93', 'ДУ    20  оцинк Тагмет (печная сварка) 2,8', '-20-2-8', (SELECT id FROM categories WHERE slug='truby-i-profil'), 'шт', 'https://mc.ru') ON CONFLICT DO NOTHING;
INSERT INTO price_items (id, product_id, supplier_id, price_base, price_markup, currency, stock_qty) VALUES ('a83cb987-3be4-455d-bf38-683e57305a9a', '5cbed373-255e-4c5b-8bb1-b5cc7b575a93', 'a2000000-0000-0000-0000-000000000001', 89590.00, 96757.20, 'RUB', 1000) ON CONFLICT DO NOTHING;
INSERT INTO products (id, name, slug, category_id, unit, description) VALUES ('aaf874bc-6309-4aff-9c5a-38bc2efc099e', 'ДУ    65  черн 3', '-65-3', (SELECT id FROM categories WHERE slug='truby-i-profil'), 'шт', 'https://mc.ru') ON CONFLICT DO NOTHING;
INSERT INTO price_items (id, product_id, supplier_id, price_base, price_markup, currency, stock_qty) VALUES ('747b23b9-bb4f-411d-96b2-294abf0a92e7', 'aaf874bc-6309-4aff-9c5a-38bc2efc099e', 'a2000000-0000-0000-0000-000000000001', 52590.00, 56797.20, 'RUB', 1000) ON CONFLICT DO NOTHING;
INSERT INTO products (id, name, slug, category_id, unit, description) VALUES ('9e377a7b-bdda-489f-8b43-cb33f2e498de', 'ДУ    65  черн 3,5', '-65-3-5', (SELECT id FROM categories WHERE slug='truby-i-profil'), 'шт', 'https://mc.ru') ON CONFLICT DO NOTHING;
INSERT INTO price_items (id, product_id, supplier_id, price_base, price_markup, currency, stock_qty) VALUES ('39e2f681-c641-49bc-a952-d84d16c1eb59', '9e377a7b-bdda-489f-8b43-cb33f2e498de', 'a2000000-0000-0000-0000-000000000001', 51090.00, 55177.20, 'RUB', 1000) ON CONFLICT DO NOTHING;
INSERT INTO products (id, name, slug, category_id, unit, description) VALUES ('1f7c2725-aad7-4a09-affa-68cb767c2c02', 'ДУ    25  оцинк 2,8', '-25-2-8', (SELECT id FROM categories WHERE slug='truby-i-profil'), 'шт', 'https://mc.ru') ON CONFLICT DO NOTHING;
INSERT INTO price_items (id, product_id, supplier_id, price_base, price_markup, currency, stock_qty) VALUES ('310ad20f-f6ba-4cb9-9a94-0702141695e5', '1f7c2725-aad7-4a09-affa-68cb767c2c02', 'a2000000-0000-0000-0000-000000000001', 86590.00, 93517.20, 'RUB', 1000) ON CONFLICT DO NOTHING;
INSERT INTO products (id, name, slug, category_id, unit, description) VALUES ('27e6e2ba-cde9-4e3d-bc56-e2c0f399a878', 'ДУ    65  черн 4', '-65-4', (SELECT id FROM categories WHERE slug='truby-i-profil'), 'шт', 'https://mc.ru') ON CONFLICT DO NOTHING;
INSERT INTO price_items (id, product_id, supplier_id, price_base, price_markup, currency, stock_qty) VALUES ('83d9520a-9b6d-4baf-a360-3445858e34c8', '27e6e2ba-cde9-4e3d-bc56-e2c0f399a878', 'a2000000-0000-0000-0000-000000000001', 51090.00, 55177.20, 'RUB', 1000) ON CONFLICT DO NOTHING;
INSERT INTO products (id, name, slug, category_id, unit, description) VALUES ('c40620e2-0032-4ab6-a46c-3271775a4a8e', 'ДУ    25  оцинк 3,2', '-25-3-2', (SELECT id FROM categories WHERE slug='truby-i-profil'), 'шт', 'https://mc.ru') ON CONFLICT DO NOTHING;
INSERT INTO price_items (id, product_id, supplier_id, price_base, price_markup, currency, stock_qty) VALUES ('9fad47f0-ce94-4c03-96a9-596b140e10f6', 'c40620e2-0032-4ab6-a46c-3271775a4a8e', 'a2000000-0000-0000-0000-000000000001', 86090.00, 92977.20, 'RUB', 1000) ON CONFLICT DO NOTHING;
INSERT INTO products (id, name, slug, category_id, unit, description) VALUES ('7a7c2a99-963f-4bbd-94e1-84ac85048d23', 'ДУ    65  черн 4,5', '-65-4-5', (SELECT id FROM categories WHERE slug='truby-i-profil'), 'шт', 'https://mc.ru') ON CONFLICT DO NOTHING;
INSERT INTO price_items (id, product_id, supplier_id, price_base, price_markup, currency, stock_qty) VALUES ('c1c4b542-e617-4d34-83dd-f9e95136e8c1', '7a7c2a99-963f-4bbd-94e1-84ac85048d23', 'a2000000-0000-0000-0000-000000000001', 53590.00, 57877.20, 'RUB', 1000) ON CONFLICT DO NOTHING;
INSERT INTO products (id, name, slug, category_id, unit, description) VALUES ('f3d5bb29-e6de-4043-a493-debb613d2b80', 'ДУ    25  оцинк Тагмет (печная сварка) 2,8 ; 3,2', '-25-2-8-3-2', (SELECT id FROM categories WHERE slug='truby-i-profil'), 'шт', 'https://mc.ru') ON CONFLICT DO NOTHING;
INSERT INTO price_items (id, product_id, supplier_id, price_base, price_markup, currency, stock_qty) VALUES ('97ce65f5-576d-4770-a81f-93d31e888cd5', 'f3d5bb29-e6de-4043-a493-debb613d2b80', 'a2000000-0000-0000-0000-000000000001', 86590.00, 93517.20, 'RUB', 1000) ON CONFLICT DO NOTHING;
INSERT INTO products (id, name, slug, category_id, unit, description) VALUES ('9d06a87f-b7fe-4edf-ae20-e0c85e7edd23', 'ДУ    65  черн', '-65-', (SELECT id FROM categories WHERE slug='truby-i-profil'), 'шт', 'https://mc.ru') ON CONFLICT DO NOTHING;
INSERT INTO price_items (id, product_id, supplier_id, price_base, price_markup, currency, stock_qty) VALUES ('11ff5f70-0140-4741-bf7a-42efc3cca348', '9d06a87f-b7fe-4edf-ae20-e0c85e7edd23', 'a2000000-0000-0000-0000-000000000001', 57590.00, 62197.20, 'RUB', 1000) ON CONFLICT DO NOTHING;
INSERT INTO products (id, name, slug, category_id, unit, description) VALUES ('70e509e9-22fd-47c4-8daa-b0f01fb136b2', 'ДУ    25  оцинк уценка 3,2', '-25-3-2', (SELECT id FROM categories WHERE slug='truby-i-profil'), 'шт', 'https://mc.ru') ON CONFLICT DO NOTHING;
INSERT INTO price_items (id, product_id, supplier_id, price_base, price_markup, currency, stock_qty) VALUES ('57dd45ff-94fa-4de6-80f4-8650de69271e', '70e509e9-22fd-47c4-8daa-b0f01fb136b2', 'a2000000-0000-0000-0000-000000000001', 86590.00, 93517.20, 'RUB', 1000) ON CONFLICT DO NOTHING;
INSERT INTO products (id, name, slug, category_id, unit, description) VALUES ('735961bd-0a9f-4342-9fef-d68fda30de25', 'ДУ    65  черн некондиция 2,5 ; 3; 3,5; 4', '-65-2-5-3-3-5-4', (SELECT id FROM categories WHERE slug='truby-i-profil'), 'т', 'https://mc.ru') ON CONFLICT DO NOTHING;
INSERT INTO price_items (id, product_id, supplier_id, price_base, price_markup, currency, stock_qty) VALUES ('b3841532-c015-4b9f-b285-1aa699a7e060', '735961bd-0a9f-4342-9fef-d68fda30de25', 'a2000000-0000-0000-0000-000000000001', 28590.00, 30877.20, 'RUB', 1000) ON CONFLICT DO NOTHING;
INSERT INTO products (id, name, slug, category_id, unit, description) VALUES ('58a6d866-5c3b-4ab9-8c89-9d36e0001e47', 'ДУ    32  оцинк 2,8', '-32-2-8', (SELECT id FROM categories WHERE slug='truby-i-profil'), 'шт', 'https://mc.ru') ON CONFLICT DO NOTHING;
INSERT INTO price_items (id, product_id, supplier_id, price_base, price_markup, currency, stock_qty) VALUES ('1dfc8b77-b10f-45ee-a9ec-a318fdd1b41d', '58a6d866-5c3b-4ab9-8c89-9d36e0001e47', 'a2000000-0000-0000-0000-000000000001', 86090.00, 92977.20, 'RUB', 1000) ON CONFLICT DO NOTHING;
INSERT INTO products (id, name, slug, category_id, unit, description) VALUES ('2c718911-a9ab-414a-9d58-fc1bc8de6565', 'ДУ    80  черн 3 ; 3,5', '-80-3-3-5', (SELECT id FROM categories WHERE slug='truby-i-profil'), 'шт', 'https://mc.ru') ON CONFLICT DO NOTHING;
INSERT INTO price_items (id, product_id, supplier_id, price_base, price_markup, currency, stock_qty) VALUES ('d2701e8d-3697-4461-9897-33e036363eef', '2c718911-a9ab-414a-9d58-fc1bc8de6565', 'a2000000-0000-0000-0000-000000000001', 51590.00, 55717.20, 'RUB', 1000) ON CONFLICT DO NOTHING;
INSERT INTO products (id, name, slug, category_id, unit, description) VALUES ('4da01ed7-3461-439d-8f57-a3cf9636fee0', 'ДУ    80  черн 3,5', '-80-3-5', (SELECT id FROM categories WHERE slug='truby-i-profil'), 'шт', 'https://mc.ru') ON CONFLICT DO NOTHING;
INSERT INTO price_items (id, product_id, supplier_id, price_base, price_markup, currency, stock_qty) VALUES ('7bc22cf4-b712-4105-b736-7db43b41d78d', '4da01ed7-3461-439d-8f57-a3cf9636fee0', 'a2000000-0000-0000-0000-000000000001', 52590.00, 56797.20, 'RUB', 1000) ON CONFLICT DO NOTHING;
INSERT INTO products (id, name, slug, category_id, unit, description) VALUES ('dc6bc47d-17aa-4ef9-8108-38b3a6334d81', 'ДУ    32  оцинк 3,2', '-32-3-2', (SELECT id FROM categories WHERE slug='truby-i-profil'), 'шт', 'https://mc.ru') ON CONFLICT DO NOTHING;
INSERT INTO price_items (id, product_id, supplier_id, price_base, price_markup, currency, stock_qty) VALUES ('a1515b25-a9d5-42b0-ac73-f7c8175425de', 'dc6bc47d-17aa-4ef9-8108-38b3a6334d81', 'a2000000-0000-0000-0000-000000000001', 86090.00, 92977.20, 'RUB', 1000) ON CONFLICT DO NOTHING;
INSERT INTO products (id, name, slug, category_id, unit, description) VALUES ('371cd947-8d73-4dad-bed2-ca26cd072b45', 'ДУ    80  черн 4', '-80-4', (SELECT id FROM categories WHERE slug='truby-i-profil'), 'шт', 'https://mc.ru') ON CONFLICT DO NOTHING;
INSERT INTO price_items (id, product_id, supplier_id, price_base, price_markup, currency, stock_qty) VALUES ('732f1973-ac1e-4a14-8618-84375f21aaac', '371cd947-8d73-4dad-bed2-ca26cd072b45', 'a2000000-0000-0000-0000-000000000001', 51090.00, 55177.20, 'RUB', 1000) ON CONFLICT DO NOTHING;
INSERT INTO products (id, name, slug, category_id, unit, description) VALUES ('41913c24-148b-41a5-b113-77d7e816e10c', 'ДУ    32  оцинк Тагмет 2,8', '-32-2-8', (SELECT id FROM categories WHERE slug='truby-i-profil'), 'шт', 'https://mc.ru') ON CONFLICT DO NOTHING;
INSERT INTO price_items (id, product_id, supplier_id, price_base, price_markup, currency, stock_qty) VALUES ('37d805c4-36c3-44b3-a46c-f3e2cd3d9686', '41913c24-148b-41a5-b113-77d7e816e10c', 'a2000000-0000-0000-0000-000000000001', 86090.00, 92977.20, 'RUB', 1000) ON CONFLICT DO NOTHING;
INSERT INTO products (id, name, slug, category_id, unit, description) VALUES ('56b9e9aa-b402-41b4-afbf-0412f7260c1d', 'ДУ    80  черн 5', '-80-5', (SELECT id FROM categories WHERE slug='truby-i-profil'), 'шт', 'https://mc.ru') ON CONFLICT DO NOTHING;
INSERT INTO price_items (id, product_id, supplier_id, price_base, price_markup, currency, stock_qty) VALUES ('4da75f1f-8af6-4abe-8839-2f459205566d', '56b9e9aa-b402-41b4-afbf-0412f7260c1d', 'a2000000-0000-0000-0000-000000000001', 57590.00, 62197.20, 'RUB', 1000) ON CONFLICT DO NOTHING;
INSERT INTO products (id, name, slug, category_id, unit, description) VALUES ('842fdadd-8530-478c-9b30-31ee001c10c2', 'ДУ    80  черн неконд 3,5', '-80-3-5', (SELECT id FROM categories WHERE slug='truby-i-profil'), 'т', 'https://mc.ru') ON CONFLICT DO NOTHING;
INSERT INTO price_items (id, product_id, supplier_id, price_base, price_markup, currency, stock_qty) VALUES ('dfc1a8c4-8cb8-442f-9d09-adc9a8235c4b', '842fdadd-8530-478c-9b30-31ee001c10c2', 'a2000000-0000-0000-0000-000000000001', 28490.00, 30769.20, 'RUB', 1000) ON CONFLICT DO NOTHING;
INSERT INTO products (id, name, slug, category_id, unit, description) VALUES ('fe086024-b9f8-43b1-aafa-227eac0645d9', 'ДУ    80  черн неконд 4', '-80-4', (SELECT id FROM categories WHERE slug='truby-i-profil'), 'т', 'https://mc.ru') ON CONFLICT DO NOTHING;
INSERT INTO price_items (id, product_id, supplier_id, price_base, price_markup, currency, stock_qty) VALUES ('91b39757-9ace-4499-8e3a-1c739cafc6f7', 'fe086024-b9f8-43b1-aafa-227eac0645d9', 'a2000000-0000-0000-0000-000000000001', 28590.00, 30877.20, 'RUB', 1000) ON CONFLICT DO NOTHING;
INSERT INTO products (id, name, slug, category_id, unit, description) VALUES ('22771a05-ec98-43d8-b70c-ac904e76cc95', 'ДУ    32  оцинк Тагмет 3,2', '-32-3-2', (SELECT id FROM categories WHERE slug='truby-i-profil'), 'шт', 'https://mc.ru') ON CONFLICT DO NOTHING;
INSERT INTO price_items (id, product_id, supplier_id, price_base, price_markup, currency, stock_qty) VALUES ('82da75c6-b66d-4752-a4ea-df060ef43cc7', '22771a05-ec98-43d8-b70c-ac904e76cc95', 'a2000000-0000-0000-0000-000000000001', 86590.00, 93517.20, 'RUB', 1000) ON CONFLICT DO NOTHING;
INSERT INTO products (id, name, slug, category_id, unit, description) VALUES ('f83ec9e1-9b23-49c8-b528-d9b63311cf45', 'ДУ    80  черн некондиция 5', '-80-5', (SELECT id FROM categories WHERE slug='truby-i-profil'), 'т', 'https://mc.ru') ON CONFLICT DO NOTHING;
INSERT INTO price_items (id, product_id, supplier_id, price_base, price_markup, currency, stock_qty) VALUES ('cab45426-8e4b-4859-bc39-de38ac7c0e93', 'f83ec9e1-9b23-49c8-b528-d9b63311cf45', 'a2000000-0000-0000-0000-000000000001', 28590.00, 30877.20, 'RUB', 1000) ON CONFLICT DO NOTHING;
INSERT INTO products (id, name, slug, category_id, unit, description) VALUES ('04c19e6e-ff6a-45ee-85ab-ef103148cdec', 'ДУ   100  черн 3', '-100-3', (SELECT id FROM categories WHERE slug='truby-i-profil'), 'шт', 'https://mc.ru') ON CONFLICT DO NOTHING;
INSERT INTO price_items (id, product_id, supplier_id, price_base, price_markup, currency, stock_qty) VALUES ('8bafe4a9-c22c-4cd0-b46a-0c4edfb7338d', '04c19e6e-ff6a-45ee-85ab-ef103148cdec', 'a2000000-0000-0000-0000-000000000001', 53090.00, 57337.20, 'RUB', 1000) ON CONFLICT DO NOTHING;
INSERT INTO products (id, name, slug, category_id, unit, description) VALUES ('7f32bc49-1f19-4ef2-805b-49819f44b706', 'ДУ   100  черн 4', '-100-4', (SELECT id FROM categories WHERE slug='truby-i-profil'), 'шт', 'https://mc.ru') ON CONFLICT DO NOTHING;
INSERT INTO price_items (id, product_id, supplier_id, price_base, price_markup, currency, stock_qty) VALUES ('d27cfaf5-9f18-4068-8f89-733d3b4cfbbb', '7f32bc49-1f19-4ef2-805b-49819f44b706', 'a2000000-0000-0000-0000-000000000001', 51090.00, 55177.20, 'RUB', 1000) ON CONFLICT DO NOTHING;
INSERT INTO products (id, name, slug, category_id, unit, description) VALUES ('6739a3b4-a5f7-4623-af7e-01f23d524e42', 'ДУ   100  черн 4,5', '-100-4-5', (SELECT id FROM categories WHERE slug='truby-i-profil'), 'шт', 'https://mc.ru') ON CONFLICT DO NOTHING;
INSERT INTO price_items (id, product_id, supplier_id, price_base, price_markup, currency, stock_qty) VALUES ('f2d2e6d6-44f2-4936-8cf8-91b54fe3229d', '6739a3b4-a5f7-4623-af7e-01f23d524e42', 'a2000000-0000-0000-0000-000000000001', 51090.00, 55177.20, 'RUB', 1000) ON CONFLICT DO NOTHING;
INSERT INTO products (id, name, slug, category_id, unit, description) VALUES ('0251f946-c764-428f-86b9-1cff0000bd17', 'ДУ    40  оцинк 3', '-40-3', (SELECT id FROM categories WHERE slug='truby-i-profil'), 'шт', 'https://mc.ru') ON CONFLICT DO NOTHING;
INSERT INTO price_items (id, product_id, supplier_id, price_base, price_markup, currency, stock_qty) VALUES ('9ae69ef0-9c13-48fe-9de8-f57a1801149d', '0251f946-c764-428f-86b9-1cff0000bd17', 'a2000000-0000-0000-0000-000000000001', 86590.00, 93517.20, 'RUB', 1000) ON CONFLICT DO NOTHING;
INSERT INTO products (id, name, slug, category_id, unit, description) VALUES ('c65b7b34-8af0-4c79-9a75-d817a16868d1', 'ДУ    40  оцинк 3,5', '-40-3-5', (SELECT id FROM categories WHERE slug='truby-i-profil'), 'шт', 'https://mc.ru') ON CONFLICT DO NOTHING;
INSERT INTO price_items (id, product_id, supplier_id, price_base, price_markup, currency, stock_qty) VALUES ('dbe8fbe9-67df-400c-8d63-0a0a109b4a77', 'c65b7b34-8af0-4c79-9a75-d817a16868d1', 'a2000000-0000-0000-0000-000000000001', 82090.00, 88657.20, 'RUB', 1000) ON CONFLICT DO NOTHING;
INSERT INTO products (id, name, slug, category_id, unit, description) VALUES ('dbde7697-92bd-4c91-877b-102ffc0bc930', 'ДУ   100  черн 5', '-100-5', (SELECT id FROM categories WHERE slug='truby-i-profil'), 'шт', 'https://mc.ru') ON CONFLICT DO NOTHING;
INSERT INTO price_items (id, product_id, supplier_id, price_base, price_markup, currency, stock_qty) VALUES ('f99af2d5-017d-4194-8e4a-add881464660', 'dbde7697-92bd-4c91-877b-102ffc0bc930', 'a2000000-0000-0000-0000-000000000001', 56090.00, 60577.20, 'RUB', 1000) ON CONFLICT DO NOTHING;
INSERT INTO products (id, name, slug, category_id, unit, description) VALUES ('16fd6ff6-7cbb-4431-8b53-8e70593ac660', 'ДУ   100  черн некондиция 5', '-100-5', (SELECT id FROM categories WHERE slug='truby-i-profil'), 'т', 'https://mc.ru') ON CONFLICT DO NOTHING;
INSERT INTO price_items (id, product_id, supplier_id, price_base, price_markup, currency, stock_qty) VALUES ('9a77ad5d-a788-42b3-9274-067fea48f42c', '16fd6ff6-7cbb-4431-8b53-8e70593ac660', 'a2000000-0000-0000-0000-000000000001', 28590.00, 30877.20, 'RUB', 1000) ON CONFLICT DO NOTHING;
INSERT INTO products (id, name, slug, category_id, unit, description) VALUES ('83d30079-a04d-4b59-aa8a-9e1548274026', 'ДУ    40  оцинк Тагмет 3', '-40-3', (SELECT id FROM categories WHERE slug='truby-i-profil'), 'шт', 'https://mc.ru') ON CONFLICT DO NOTHING;
INSERT INTO price_items (id, product_id, supplier_id, price_base, price_markup, currency, stock_qty) VALUES ('af609bea-64d3-4a36-af48-90e61a6e6305', '83d30079-a04d-4b59-aa8a-9e1548274026', 'a2000000-0000-0000-0000-000000000001', 86590.00, 93517.20, 'RUB', 1000) ON CONFLICT DO NOTHING;
INSERT INTO products (id, name, slug, category_id, unit, description) VALUES ('4e743031-9fcd-4a23-8865-93c4ba818bdf', 'ДУ    15  оцинк 2,5', '-15-2-5', (SELECT id FROM categories WHERE slug='truby-i-profil'), 'шт', 'https://mc.ru') ON CONFLICT DO NOTHING;
INSERT INTO price_items (id, product_id, supplier_id, price_base, price_markup, currency, stock_qty) VALUES ('fc342925-fb80-4787-a238-824776cfc326', '4e743031-9fcd-4a23-8865-93c4ba818bdf', 'a2000000-0000-0000-0000-000000000001', 93590.00, 101077.20, 'RUB', 1000) ON CONFLICT DO NOTHING;
INSERT INTO products (id, name, slug, category_id, unit, description) VALUES ('7f4bc179-fd28-4710-bee1-341d1a166da7', 'ДУ    15  оцинк 2,8', '-15-2-8', (SELECT id FROM categories WHERE slug='truby-i-profil'), 'шт', 'https://mc.ru') ON CONFLICT DO NOTHING;
INSERT INTO price_items (id, product_id, supplier_id, price_base, price_markup, currency, stock_qty) VALUES ('84542c66-6bc4-47f7-b803-e2b993b9fa78', '7f4bc179-fd28-4710-bee1-341d1a166da7', 'a2000000-0000-0000-0000-000000000001', 88090.00, 95137.20, 'RUB', 1000) ON CONFLICT DO NOTHING;
INSERT INTO products (id, name, slug, category_id, unit, description) VALUES ('c7393612-eb4b-4faa-9bb1-c08d872901ff', 'ДУ    40  оцинк Тагмет 3,5', '-40-3-5', (SELECT id FROM categories WHERE slug='truby-i-profil'), 'шт', 'https://mc.ru') ON CONFLICT DO NOTHING;
INSERT INTO price_items (id, product_id, supplier_id, price_base, price_markup, currency, stock_qty) VALUES ('71a1b3d7-b2b1-46f3-9ddf-577427828b40', 'c7393612-eb4b-4faa-9bb1-c08d872901ff', 'a2000000-0000-0000-0000-000000000001', 84090.00, 90817.20, 'RUB', 1000) ON CONFLICT DO NOTHING;
INSERT INTO products (id, name, slug, category_id, unit, description) VALUES ('ae2770eb-5ce6-464c-b6c4-be00b46ed41e', 'ДУ    15  оцинк Тагмет 2,5', '-15-2-5', (SELECT id FROM categories WHERE slug='truby-i-profil'), 'шт', 'https://mc.ru') ON CONFLICT DO NOTHING;
INSERT INTO price_items (id, product_id, supplier_id, price_base, price_markup, currency, stock_qty) VALUES ('780cc5cc-6888-4a31-bf60-274ea1ddc38d', 'ae2770eb-5ce6-464c-b6c4-be00b46ed41e', 'a2000000-0000-0000-0000-000000000001', 88590.00, 95677.20, 'RUB', 1000) ON CONFLICT DO NOTHING;
INSERT INTO products (id, name, slug, category_id, unit, description) VALUES ('24d2c161-427f-451b-a002-42d3fbf44c2d', 'ДУ    40  оцинк Тагмет (печная сварка) 3,5', '-40-3-5', (SELECT id FROM categories WHERE slug='truby-i-profil'), 'шт', 'https://mc.ru') ON CONFLICT DO NOTHING;
INSERT INTO price_items (id, product_id, supplier_id, price_base, price_markup, currency, stock_qty) VALUES ('c8d5a000-73d4-4cae-8456-9da028e222bd', '24d2c161-427f-451b-a002-42d3fbf44c2d', 'a2000000-0000-0000-0000-000000000001', 82590.00, 89197.20, 'RUB', 1000) ON CONFLICT DO NOTHING;
INSERT INTO products (id, name, slug, category_id, unit, description) VALUES ('7135352c-0040-406b-a020-6cef36c25fca', 'ДУ    15  оцинкТагмет (печная сварка) 2,8', '-15-2-8', (SELECT id FROM categories WHERE slug='truby-i-profil'), 'шт', 'https://mc.ru') ON CONFLICT DO NOTHING;
INSERT INTO price_items (id, product_id, supplier_id, price_base, price_markup, currency, stock_qty) VALUES ('238dc22c-f72a-4f2a-8d0d-eea9a04a78b9', '7135352c-0040-406b-a020-6cef36c25fca', 'a2000000-0000-0000-0000-000000000001', 88590.00, 95677.20, 'RUB', 1000) ON CONFLICT DO NOTHING;
INSERT INTO products (id, name, slug, category_id, unit, description) VALUES ('42005254-cb4b-4949-a7d3-d2547b5ad2d2', 'ДУ    50  оцинк 3', '-50-3', (SELECT id FROM categories WHERE slug='truby-i-profil'), 'шт', 'https://mc.ru') ON CONFLICT DO NOTHING;
INSERT INTO price_items (id, product_id, supplier_id, price_base, price_markup, currency, stock_qty) VALUES ('bf66f292-2cad-4e2f-8896-4106f3441105', '42005254-cb4b-4949-a7d3-d2547b5ad2d2', 'a2000000-0000-0000-0000-000000000001', 86590.00, 93517.20, 'RUB', 1000) ON CONFLICT DO NOTHING;
INSERT INTO products (id, name, slug, category_id, unit, description) VALUES ('19707146-3171-4239-9042-d797ca75508f', 'ДУ    50  оцинк 3,5', '-50-3-5', (SELECT id FROM categories WHERE slug='truby-i-profil'), 'шт', 'https://mc.ru') ON CONFLICT DO NOTHING;
INSERT INTO price_items (id, product_id, supplier_id, price_base, price_markup, currency, stock_qty) VALUES ('debd85fe-5341-48b7-9b23-6ba65e38a546', '19707146-3171-4239-9042-d797ca75508f', 'a2000000-0000-0000-0000-000000000001', 82590.00, 89197.20, 'RUB', 1000) ON CONFLICT DO NOTHING;
INSERT INTO products (id, name, slug, category_id, unit, description) VALUES ('832ee452-86a3-4d98-ad9e-081b1dd484ff', '18   Ст20', '18-20', (SELECT id FROM categories WHERE slug='truby-i-profil'), 'т', 'https://mc.ru') ON CONFLICT DO NOTHING;
INSERT INTO price_items (id, product_id, supplier_id, price_base, price_markup, currency, stock_qty) VALUES ('c6da7db9-c17b-4463-81b9-50a649d43fb4', '832ee452-86a3-4d98-ad9e-081b1dd484ff', 'a2000000-0000-0000-0000-000000000001', 359990.00, 388789.20, 'RUB', 1000) ON CONFLICT DO NOTHING;
INSERT INTO products (id, name, slug, category_id, unit, description) VALUES ('2661f509-ab92-4bb2-9a58-ed3e82a8c5af', '18   Ст20 2,5', '18-20-2-5', (SELECT id FROM categories WHERE slug='truby-i-profil'), 'т', 'https://mc.ru') ON CONFLICT DO NOTHING;
INSERT INTO price_items (id, product_id, supplier_id, price_base, price_markup, currency, stock_qty) VALUES ('38b736e7-e527-43bc-99c5-1ba8c804c49b', '2661f509-ab92-4bb2-9a58-ed3e82a8c5af', 'a2000000-0000-0000-0000-000000000001', 339990.00, 367189.20, 'RUB', 1000) ON CONFLICT DO NOTHING;
INSERT INTO products (id, name, slug, category_id, unit, description) VALUES ('1f324e6d-7ab0-438a-969a-6cab5908109f', '18   Ст20 3,5', '18-20-3-5', (SELECT id FROM categories WHERE slug='truby-i-profil'), 'т', 'https://mc.ru') ON CONFLICT DO NOTHING;
INSERT INTO price_items (id, product_id, supplier_id, price_base, price_markup, currency, stock_qty) VALUES ('763411be-d7bf-4c94-85dc-ec0772c06a9b', '1f324e6d-7ab0-438a-969a-6cab5908109f', 'a2000000-0000-0000-0000-000000000001', 319990.00, 345589.20, 'RUB', 1000) ON CONFLICT DO NOTHING;
INSERT INTO products (id, name, slug, category_id, unit, description) VALUES ('0782f8e8-48f6-4d7c-aabe-d983cf781950', '18   Ст20 4', '18-20-4', (SELECT id FROM categories WHERE slug='truby-i-profil'), 'т', 'https://mc.ru') ON CONFLICT DO NOTHING;
INSERT INTO price_items (id, product_id, supplier_id, price_base, price_markup, currency, stock_qty) VALUES ('ac48bdce-4290-4975-9b52-a6bb56b7da4a', '0782f8e8-48f6-4d7c-aabe-d983cf781950', 'a2000000-0000-0000-0000-000000000001', 309990.00, 334789.20, 'RUB', 1000) ON CONFLICT DO NOTHING;
INSERT INTO products (id, name, slug, category_id, unit, description) VALUES ('ec1b3eaa-aba5-429d-b098-a7e753f69b24', 'ДУ    80  оцинк 3', '-80-3', (SELECT id FROM categories WHERE slug='truby-i-profil'), 'шт', 'https://mc.ru') ON CONFLICT DO NOTHING;
INSERT INTO price_items (id, product_id, supplier_id, price_base, price_markup, currency, stock_qty) VALUES ('b7fba2b9-2a1a-4129-b20e-b1bed9146311', 'ec1b3eaa-aba5-429d-b098-a7e753f69b24', 'a2000000-0000-0000-0000-000000000001', 86590.00, 93517.20, 'RUB', 1000) ON CONFLICT DO NOTHING;
INSERT INTO products (id, name, slug, category_id, unit, description) VALUES ('4add4e54-98b4-4b57-8f53-83b7a53ec938', '18   Ст20 5', '18-20-5', (SELECT id FROM categories WHERE slug='truby-i-profil'), 'т', 'https://mc.ru') ON CONFLICT DO NOTHING;
INSERT INTO price_items (id, product_id, supplier_id, price_base, price_markup, currency, stock_qty) VALUES ('791bf118-8c48-4922-bad3-1d44052226ed', '4add4e54-98b4-4b57-8f53-83b7a53ec938', 'a2000000-0000-0000-0000-000000000001', 299990.00, 323989.20, 'RUB', 1000) ON CONFLICT DO NOTHING;
INSERT INTO products (id, name, slug, category_id, unit, description) VALUES ('684ca5fc-e969-49f9-846d-5728c08052c8', 'ДУ    80  оцинк 4', '-80-4', (SELECT id FROM categories WHERE slug='truby-i-profil'), 'шт', 'https://mc.ru') ON CONFLICT DO NOTHING;
INSERT INTO price_items (id, product_id, supplier_id, price_base, price_markup, currency, stock_qty) VALUES ('076f1d32-b5d9-4212-83ea-5c5dee264b79', '684ca5fc-e969-49f9-846d-5728c08052c8', 'a2000000-0000-0000-0000-000000000001', 82590.00, 89197.20, 'RUB', 1000) ON CONFLICT DO NOTHING;
INSERT INTO products (id, name, slug, category_id, unit, description) VALUES ('f81ad45f-dea0-43d0-898c-124dd6a78b05', '20   Gr b     ASTM A106 1,5', '20-gr-b-astm-a106-1-5', (SELECT id FROM categories WHERE slug='truby-i-profil'), 'т', 'https://mc.ru') ON CONFLICT DO NOTHING;
INSERT INTO price_items (id, product_id, supplier_id, price_base, price_markup, currency, stock_qty) VALUES ('c24ebab5-177c-4229-8260-dbe8d93f75a5', 'f81ad45f-dea0-43d0-898c-124dd6a78b05', 'a2000000-0000-0000-0000-000000000001', 199990.00, 215989.20, 'RUB', 1000) ON CONFLICT DO NOTHING;
INSERT INTO products (id, name, slug, category_id, unit, description) VALUES ('4a303d9f-3d10-4480-8763-237a9c9ef92a', 'ДУ    80  оцинк Тагмет 4', '-80-4', (SELECT id FROM categories WHERE slug='truby-i-profil'), 'шт', 'https://mc.ru') ON CONFLICT DO NOTHING;
INSERT INTO price_items (id, product_id, supplier_id, price_base, price_markup, currency, stock_qty) VALUES ('7827eebb-69fe-4eb9-92e2-7f44e8039867', '4a303d9f-3d10-4480-8763-237a9c9ef92a', 'a2000000-0000-0000-0000-000000000001', 82590.00, 89197.20, 'RUB', 1000) ON CONFLICT DO NOTHING;
INSERT INTO products (id, name, slug, category_id, unit, description) VALUES ('ba3e97bf-8397-46eb-8593-2863cccf6996', '20   Gr b     ASTM A106', '20-gr-b-astm-a106', (SELECT id FROM categories WHERE slug='truby-i-profil'), 'т', 'https://mc.ru') ON CONFLICT DO NOTHING;
INSERT INTO price_items (id, product_id, supplier_id, price_base, price_markup, currency, stock_qty) VALUES ('c3035301-5985-48ae-99ad-ccf26492f09e', 'ba3e97bf-8397-46eb-8593-2863cccf6996', 'a2000000-0000-0000-0000-000000000001', 259990.00, 280789.20, 'RUB', 1000) ON CONFLICT DO NOTHING;
INSERT INTO products (id, name, slug, category_id, unit, description) VALUES ('ec89641a-2c6c-43af-80f8-9f969ba27440', 'ДУ   100  оцинк 4', '-100-4', (SELECT id FROM categories WHERE slug='truby-i-profil'), 'шт', 'https://mc.ru') ON CONFLICT DO NOTHING;
INSERT INTO price_items (id, product_id, supplier_id, price_base, price_markup, currency, stock_qty) VALUES ('762bcac4-7ead-4e53-86a8-3e7ebe4652f6', 'ec89641a-2c6c-43af-80f8-9f969ba27440', 'a2000000-0000-0000-0000-000000000001', 88090.00, 95137.20, 'RUB', 1000) ON CONFLICT DO NOTHING;
INSERT INTO products (id, name, slug, category_id, unit, description) VALUES ('2ed07288-319b-44c3-a0d3-8caaa7e718c0', '20   Gr b     ASTM A106 2,5', '20-gr-b-astm-a106-2-5', (SELECT id FROM categories WHERE slug='truby-i-profil'), 'т', 'https://mc.ru') ON CONFLICT DO NOTHING;
INSERT INTO price_items (id, product_id, supplier_id, price_base, price_markup, currency, stock_qty) VALUES ('3334fd33-55f9-4d9a-9add-632fd20654b4', '2ed07288-319b-44c3-a0d3-8caaa7e718c0', 'a2000000-0000-0000-0000-000000000001', 129990.00, 140389.20, 'RUB', 1000) ON CONFLICT DO NOTHING;
INSERT INTO products (id, name, slug, category_id, unit, description) VALUES ('d1ca1aeb-f4b4-4220-8f16-2a0f8e774225', '20   Gr b     ASTM A106 3', '20-gr-b-astm-a106-3', (SELECT id FROM categories WHERE slug='truby-i-profil'), 'т', 'https://mc.ru') ON CONFLICT DO NOTHING;
INSERT INTO price_items (id, product_id, supplier_id, price_base, price_markup, currency, stock_qty) VALUES ('7140cc21-98e9-4d28-ba41-52c715288db5', 'd1ca1aeb-f4b4-4220-8f16-2a0f8e774225', 'a2000000-0000-0000-0000-000000000001', 119990.00, 129589.20, 'RUB', 1000) ON CONFLICT DO NOTHING;
INSERT INTO products (id, name, slug, category_id, unit, description) VALUES ('53455fbe-54fd-4b6b-af85-b39e523ede6c', '6   Ст10 0,8', '6-10-0-8', (SELECT id FROM categories WHERE slug='truby-i-profil'), 'т', 'https://mc.ru') ON CONFLICT DO NOTHING;
INSERT INTO price_items (id, product_id, supplier_id, price_base, price_markup, currency, stock_qty) VALUES ('67afbeb7-f998-4b36-9a64-d2cc3089f2ed', '53455fbe-54fd-4b6b-af85-b39e523ede6c', 'a2000000-0000-0000-0000-000000000001', 1199990.00, 1295989.20, 'RUB', 1000) ON CONFLICT DO NOTHING;
INSERT INTO products (id, name, slug, category_id, unit, description) VALUES ('52d32d30-2ae0-47b7-aec8-f11d1b0aa88e', '6   Ст20 0,8', '6-20-0-8', (SELECT id FROM categories WHERE slug='truby-i-profil'), 'т', 'https://mc.ru') ON CONFLICT DO NOTHING;
INSERT INTO price_items (id, product_id, supplier_id, price_base, price_markup, currency, stock_qty) VALUES ('6c6cf50c-ed0f-4187-a3f1-4f91b02ac5de', '52d32d30-2ae0-47b7-aec8-f11d1b0aa88e', 'a2000000-0000-0000-0000-000000000001', 1199990.00, 1295989.20, 'RUB', 1000) ON CONFLICT DO NOTHING;
INSERT INTO products (id, name, slug, category_id, unit, description) VALUES ('bc47d5d0-614c-4b56-aa3e-e3dcbe6b4a30', '20   Gr b     ASTM A106 3,5', '20-gr-b-astm-a106-3-5', (SELECT id FROM categories WHERE slug='truby-i-profil'), 'т', 'https://mc.ru') ON CONFLICT DO NOTHING;
INSERT INTO price_items (id, product_id, supplier_id, price_base, price_markup, currency, stock_qty) VALUES ('5421f200-fcd4-4464-ba2a-86abaff14327', 'bc47d5d0-614c-4b56-aa3e-e3dcbe6b4a30', 'a2000000-0000-0000-0000-000000000001', 139990.00, 151189.20, 'RUB', 1000) ON CONFLICT DO NOTHING;
INSERT INTO products (id, name, slug, category_id, unit, description) VALUES ('3535db8c-c22f-44f3-969b-525746a8aeec', '6   Ст20 1', '6-20-1', (SELECT id FROM categories WHERE slug='truby-i-profil'), 'т', 'https://mc.ru') ON CONFLICT DO NOTHING;
INSERT INTO price_items (id, product_id, supplier_id, price_base, price_markup, currency, stock_qty) VALUES ('86d8a96d-effa-43aa-ad70-b38a1fa26e23', '3535db8c-c22f-44f3-969b-525746a8aeec', 'a2000000-0000-0000-0000-000000000001', 1249990.00, 1349989.20, 'RUB', 1000) ON CONFLICT DO NOTHING;
INSERT INTO products (id, name, slug, category_id, unit, description) VALUES ('4de0140e-9c6a-4f03-a4db-4248ca96f7b3', '6   Ст20     Ст20 1,2', '6-20-20-1-2', (SELECT id FROM categories WHERE slug='truby-i-profil'), 'т', 'https://mc.ru') ON CONFLICT DO NOTHING;
INSERT INTO price_items (id, product_id, supplier_id, price_base, price_markup, currency, stock_qty) VALUES ('b8f6fe9b-9c39-44e1-92bb-f159e6148b0c', '4de0140e-9c6a-4f03-a4db-4248ca96f7b3', 'a2000000-0000-0000-0000-000000000001', 999990.00, 1079989.20, 'RUB', 1000) ON CONFLICT DO NOTHING;
INSERT INTO products (id, name, slug, category_id, unit, description) VALUES ('1779f90d-40bd-4c01-a521-903ea2336c4c', '20   Gr b     ASTM A106 5', '20-gr-b-astm-a106-5', (SELECT id FROM categories WHERE slug='truby-i-profil'), 'т', 'https://mc.ru') ON CONFLICT DO NOTHING;
INSERT INTO price_items (id, product_id, supplier_id, price_base, price_markup, currency, stock_qty) VALUES ('a05e6405-3e5e-4112-8a93-fb7a715d7284', '1779f90d-40bd-4c01-a521-903ea2336c4c', 'a2000000-0000-0000-0000-000000000001', 119990.00, 129589.20, 'RUB', 1000) ON CONFLICT DO NOTHING;
INSERT INTO products (id, name, slug, category_id, unit, description) VALUES ('186aeae6-ad75-4720-8fc3-60629219b68b', '8   Ст10 0,8', '8-10-0-8', (SELECT id FROM categories WHERE slug='truby-i-profil'), 'т', 'https://mc.ru') ON CONFLICT DO NOTHING;
INSERT INTO price_items (id, product_id, supplier_id, price_base, price_markup, currency, stock_qty) VALUES ('c55d913e-3203-4604-9f09-c9d4179a8890', '186aeae6-ad75-4720-8fc3-60629219b68b', 'a2000000-0000-0000-0000-000000000001', 899990.00, 971989.20, 'RUB', 1000) ON CONFLICT DO NOTHING;
INSERT INTO products (id, name, slug, category_id, unit, description) VALUES ('4237b8cd-e2a6-46ff-bf66-2ce09a460d50', '20   Ст10 1,5', '20-10-1-5', (SELECT id FROM categories WHERE slug='truby-i-profil'), 'т', 'https://mc.ru') ON CONFLICT DO NOTHING;
INSERT INTO price_items (id, product_id, supplier_id, price_base, price_markup, currency, stock_qty) VALUES ('ba7ffca3-46a8-452c-bb84-98a1405dc41c', '4237b8cd-e2a6-46ff-bf66-2ce09a460d50', 'a2000000-0000-0000-0000-000000000001', 389990.00, 421189.20, 'RUB', 1000) ON CONFLICT DO NOTHING;
INSERT INTO products (id, name, slug, category_id, unit, description) VALUES ('09b3991f-51ba-4a9f-9bd5-b42c67758c28', '8   Ст10 1,5', '8-10-1-5', (SELECT id FROM categories WHERE slug='truby-i-profil'), 'т', 'https://mc.ru') ON CONFLICT DO NOTHING;
INSERT INTO price_items (id, product_id, supplier_id, price_base, price_markup, currency, stock_qty) VALUES ('fbdd9f25-0e61-4479-b398-e230ec3f77fe', '09b3991f-51ba-4a9f-9bd5-b42c67758c28', 'a2000000-0000-0000-0000-000000000001', 699990.00, 755989.20, 'RUB', 1000) ON CONFLICT DO NOTHING;
INSERT INTO products (id, name, slug, category_id, unit, description) VALUES ('d415edaa-c44f-4ad1-ab17-374cc24f262e', '20   Ст10', '20-10', (SELECT id FROM categories WHERE slug='truby-i-profil'), 'т', 'https://mc.ru') ON CONFLICT DO NOTHING;
INSERT INTO price_items (id, product_id, supplier_id, price_base, price_markup, currency, stock_qty) VALUES ('c79ea145-cc0c-45dd-8107-4921b2d8e065', 'd415edaa-c44f-4ad1-ab17-374cc24f262e', 'a2000000-0000-0000-0000-000000000001', 349990.00, 377989.20, 'RUB', 1000) ON CONFLICT DO NOTHING;
INSERT INTO products (id, name, slug, category_id, unit, description) VALUES ('fe8998a4-a194-49c7-a6d7-d29985924fcb', '8   Ст20 0,8', '8-20-0-8', (SELECT id FROM categories WHERE slug='truby-i-profil'), 'т', 'https://mc.ru') ON CONFLICT DO NOTHING;
INSERT INTO price_items (id, product_id, supplier_id, price_base, price_markup, currency, stock_qty) VALUES ('8f5f1c06-4d27-4a56-8399-1bb9382b4e1b', 'fe8998a4-a194-49c7-a6d7-d29985924fcb', 'a2000000-0000-0000-0000-000000000001', 899990.00, 971989.20, 'RUB', 1000) ON CONFLICT DO NOTHING;
INSERT INTO products (id, name, slug, category_id, unit, description) VALUES ('ae721e07-553b-49ce-b2d9-a231357a2138', '20   Ст10 3 ; 4', '20-10-3-4', (SELECT id FROM categories WHERE slug='truby-i-profil'), 'т', 'https://mc.ru') ON CONFLICT DO NOTHING;
INSERT INTO price_items (id, product_id, supplier_id, price_base, price_markup, currency, stock_qty) VALUES ('508c7f37-7bd5-453e-97f6-2ea65062a445', 'ae721e07-553b-49ce-b2d9-a231357a2138', 'a2000000-0000-0000-0000-000000000001', 299990.00, 323989.20, 'RUB', 1000) ON CONFLICT DO NOTHING;
INSERT INTO products (id, name, slug, category_id, unit, description) VALUES ('ae0a79de-83c7-4d65-8e84-10ac9cb4ff85', '8   Ст20 1', '8-20-1', (SELECT id FROM categories WHERE slug='truby-i-profil'), 'т', 'https://mc.ru') ON CONFLICT DO NOTHING;
INSERT INTO price_items (id, product_id, supplier_id, price_base, price_markup, currency, stock_qty) VALUES ('afe3764e-c595-40a5-9787-ea93e4cfee52', 'ae0a79de-83c7-4d65-8e84-10ac9cb4ff85', 'a2000000-0000-0000-0000-000000000001', 859990.00, 928789.20, 'RUB', 1000) ON CONFLICT DO NOTHING;
INSERT INTO products (id, name, slug, category_id, unit, description) VALUES ('b37dce08-42cf-47ab-98e5-465c16cec4c5', '20   Ст20 1,5', '20-20-1-5', (SELECT id FROM categories WHERE slug='truby-i-profil'), 'т', 'https://mc.ru') ON CONFLICT DO NOTHING;
INSERT INTO price_items (id, product_id, supplier_id, price_base, price_markup, currency, stock_qty) VALUES ('d644bbb9-be36-4046-ae6c-f69d3486dfb3', 'b37dce08-42cf-47ab-98e5-465c16cec4c5', 'a2000000-0000-0000-0000-000000000001', 389990.00, 421189.20, 'RUB', 1000) ON CONFLICT DO NOTHING;
INSERT INTO products (id, name, slug, category_id, unit, description) VALUES ('986deec8-0ea5-4b05-9a3d-3a602f3249e2', '8   Ст20 1,2 ; 1,5', '8-20-1-2-1-5', (SELECT id FROM categories WHERE slug='truby-i-profil'), 'т', 'https://mc.ru') ON CONFLICT DO NOTHING;
INSERT INTO price_items (id, product_id, supplier_id, price_base, price_markup, currency, stock_qty) VALUES ('8ebc1361-f8b8-4b6d-bcd4-af81b54f603d', '986deec8-0ea5-4b05-9a3d-3a602f3249e2', 'a2000000-0000-0000-0000-000000000001', 699990.00, 755989.20, 'RUB', 1000) ON CONFLICT DO NOTHING;
INSERT INTO products (id, name, slug, category_id, unit, description) VALUES ('860937ad-2022-46d8-9e00-c96c7ae04f31', '20   Ст20', '20-20', (SELECT id FROM categories WHERE slug='truby-i-profil'), 'т', 'https://mc.ru') ON CONFLICT DO NOTHING;
INSERT INTO price_items (id, product_id, supplier_id, price_base, price_markup, currency, stock_qty) VALUES ('00043188-bb3c-44be-abab-6550812c497c', '860937ad-2022-46d8-9e00-c96c7ae04f31', 'a2000000-0000-0000-0000-000000000001', 349990.00, 377989.20, 'RUB', 1000) ON CONFLICT DO NOTHING;
INSERT INTO products (id, name, slug, category_id, unit, description) VALUES ('6a620d2b-5ba9-45d9-b555-a1bd1fbe47ec', '10   Ст10 0,8', '10-10-0-8', (SELECT id FROM categories WHERE slug='truby-i-profil'), 'т', 'https://mc.ru') ON CONFLICT DO NOTHING;
INSERT INTO price_items (id, product_id, supplier_id, price_base, price_markup, currency, stock_qty) VALUES ('84d693f6-a731-47a1-b2df-899a5b91b0e2', '6a620d2b-5ba9-45d9-b555-a1bd1fbe47ec', 'a2000000-0000-0000-0000-000000000001', 789990.00, 853189.20, 'RUB', 1000) ON CONFLICT DO NOTHING;
INSERT INTO products (id, name, slug, category_id, unit, description) VALUES ('b79f1899-4fd2-4ce2-9d9e-0ab48ec7ae6f', '20   Ст20 2,5', '20-20-2-5', (SELECT id FROM categories WHERE slug='truby-i-profil'), 'т', 'https://mc.ru') ON CONFLICT DO NOTHING;
INSERT INTO price_items (id, product_id, supplier_id, price_base, price_markup, currency, stock_qty) VALUES ('d78ee3e4-76af-4d54-953f-2f345f9210ba', 'b79f1899-4fd2-4ce2-9d9e-0ab48ec7ae6f', 'a2000000-0000-0000-0000-000000000001', 319990.00, 345589.20, 'RUB', 1000) ON CONFLICT DO NOTHING;
INSERT INTO products (id, name, slug, category_id, unit, description) VALUES ('c6986bbf-0ef8-411a-b108-89b3ab9c3a16', '10   Ст10', '10-10', (SELECT id FROM categories WHERE slug='truby-i-profil'), 'т', 'https://mc.ru') ON CONFLICT DO NOTHING;
INSERT INTO price_items (id, product_id, supplier_id, price_base, price_markup, currency, stock_qty) VALUES ('ca69dbed-bd81-4395-a2e8-2a4ae78a6fd3', 'c6986bbf-0ef8-411a-b108-89b3ab9c3a16', 'a2000000-0000-0000-0000-000000000001', 729990.00, 788389.20, 'RUB', 1000) ON CONFLICT DO NOTHING;
INSERT INTO products (id, name, slug, category_id, unit, description) VALUES ('bb111419-bdbb-44d4-ac86-1a2de82389ee', '20   Ст20 3 ; 3,5; 4', '20-20-3-3-5-4', (SELECT id FROM categories WHERE slug='truby-i-profil'), 'т', 'https://mc.ru') ON CONFLICT DO NOTHING;
INSERT INTO price_items (id, product_id, supplier_id, price_base, price_markup, currency, stock_qty) VALUES ('76276456-7254-4bca-b10b-f24eb63e5511', 'bb111419-bdbb-44d4-ac86-1a2de82389ee', 'a2000000-0000-0000-0000-000000000001', 299990.00, 323989.20, 'RUB', 1000) ON CONFLICT DO NOTHING;
INSERT INTO products (id, name, slug, category_id, unit, description) VALUES ('fbedbb62-d8ee-44f4-ad24-ea261ce2afb7', '10   Ст10 1,5', '10-10-1-5', (SELECT id FROM categories WHERE slug='truby-i-profil'), 'т', 'https://mc.ru') ON CONFLICT DO NOTHING;
INSERT INTO price_items (id, product_id, supplier_id, price_base, price_markup, currency, stock_qty) VALUES ('97b1f54f-d713-4d2c-8418-2f4140f785de', 'fbedbb62-d8ee-44f4-ad24-ea261ce2afb7', 'a2000000-0000-0000-0000-000000000001', 589990.00, 637189.20, 'RUB', 1000) ON CONFLICT DO NOTHING;
INSERT INTO products (id, name, slug, category_id, unit, description) VALUES ('f77175ac-99d7-4b0e-9c51-2e8672808ba2', '20   Ст20 5', '20-20-5', (SELECT id FROM categories WHERE slug='truby-i-profil'), 'т', 'https://mc.ru') ON CONFLICT DO NOTHING;
INSERT INTO price_items (id, product_id, supplier_id, price_base, price_markup, currency, stock_qty) VALUES ('20515421-fcbc-4e25-a371-90fa19a99026', 'f77175ac-99d7-4b0e-9c51-2e8672808ba2', 'a2000000-0000-0000-0000-000000000001', 289990.00, 313189.20, 'RUB', 1000) ON CONFLICT DO NOTHING;
INSERT INTO products (id, name, slug, category_id, unit, description) VALUES ('9c8f90b4-132c-4ef4-8aec-f51c89ae70f8', '10   Ст10 2', '10-10-2', (SELECT id FROM categories WHERE slug='truby-i-profil'), 'т', 'https://mc.ru') ON CONFLICT DO NOTHING;
INSERT INTO price_items (id, product_id, supplier_id, price_base, price_markup, currency, stock_qty) VALUES ('02938a63-a04d-4274-be7d-988c9c3f324a', '9c8f90b4-132c-4ef4-8aec-f51c89ae70f8', 'a2000000-0000-0000-0000-000000000001', 529990.00, 572389.20, 'RUB', 1000) ON CONFLICT DO NOTHING;
INSERT INTO products (id, name, slug, category_id, unit, description) VALUES ('7d7cd661-fde0-461f-9ea0-0d4218a31c02', '21   Gr b     ASTM A106 1,5', '21-gr-b-astm-a106-1-5', (SELECT id FROM categories WHERE slug='truby-i-profil'), 'т', 'https://mc.ru') ON CONFLICT DO NOTHING;
INSERT INTO price_items (id, product_id, supplier_id, price_base, price_markup, currency, stock_qty) VALUES ('1f66866d-5112-4873-9473-b274fd5e77bd', '7d7cd661-fde0-461f-9ea0-0d4218a31c02', 'a2000000-0000-0000-0000-000000000001', 199990.00, 215989.20, 'RUB', 1000) ON CONFLICT DO NOTHING;
INSERT INTO products (id, name, slug, category_id, unit, description) VALUES ('cb98e335-3115-4023-a1b7-cb42a4991df8', '10   Ст20 0,8', '10-20-0-8', (SELECT id FROM categories WHERE slug='truby-i-profil'), 'т', 'https://mc.ru') ON CONFLICT DO NOTHING;
INSERT INTO price_items (id, product_id, supplier_id, price_base, price_markup, currency, stock_qty) VALUES ('abefc62c-15b6-421f-86f0-d45caf45e99c', 'cb98e335-3115-4023-a1b7-cb42a4991df8', 'a2000000-0000-0000-0000-000000000001', 789990.00, 853189.20, 'RUB', 1000) ON CONFLICT DO NOTHING;
INSERT INTO products (id, name, slug, category_id, unit, description) VALUES ('6aa43391-d01e-491b-9762-0bd8ee1acd1c', '10   Ст20', '10-20', (SELECT id FROM categories WHERE slug='truby-i-profil'), 'т', 'https://mc.ru') ON CONFLICT DO NOTHING;
INSERT INTO price_items (id, product_id, supplier_id, price_base, price_markup, currency, stock_qty) VALUES ('084a1290-98ac-4de8-be51-7dede848a66c', '6aa43391-d01e-491b-9762-0bd8ee1acd1c', 'a2000000-0000-0000-0000-000000000001', 729990.00, 788389.20, 'RUB', 1000) ON CONFLICT DO NOTHING;
INSERT INTO products (id, name, slug, category_id, unit, description) VALUES ('1e0efbd1-7cde-4daf-b33a-970e6bc4dad7', '21   Gr b     ASTM A106 2 ; 3', '21-gr-b-astm-a106-2-3', (SELECT id FROM categories WHERE slug='truby-i-profil'), 'т', 'https://mc.ru') ON CONFLICT DO NOTHING;
INSERT INTO price_items (id, product_id, supplier_id, price_base, price_markup, currency, stock_qty) VALUES ('797bc63a-3529-41ba-a839-7cf8fef65e4c', '1e0efbd1-7cde-4daf-b33a-970e6bc4dad7', 'a2000000-0000-0000-0000-000000000001', 129990.00, 140389.20, 'RUB', 1000) ON CONFLICT DO NOTHING;
INSERT INTO products (id, name, slug, category_id, unit, description) VALUES ('230ad743-05fd-4547-8193-18cfee33daf3', '10   Ст20 1,5', '10-20-1-5', (SELECT id FROM categories WHERE slug='truby-i-profil'), 'т', 'https://mc.ru') ON CONFLICT DO NOTHING;
INSERT INTO price_items (id, product_id, supplier_id, price_base, price_markup, currency, stock_qty) VALUES ('53a4fe15-10e6-4543-8d60-c7dff1f1f579', '230ad743-05fd-4547-8193-18cfee33daf3', 'a2000000-0000-0000-0000-000000000001', 589990.00, 637189.20, 'RUB', 1000) ON CONFLICT DO NOTHING;
INSERT INTO products (id, name, slug, category_id, unit, description) VALUES ('610a0bca-5166-4aa5-9268-78e98d023889', '21   Ст20', '21-20', (SELECT id FROM categories WHERE slug='truby-i-profil'), 'т', 'https://mc.ru') ON CONFLICT DO NOTHING;
INSERT INTO price_items (id, product_id, supplier_id, price_base, price_markup, currency, stock_qty) VALUES ('5a51fcad-144a-44c4-ab33-6c53c7b4e3b6', '610a0bca-5166-4aa5-9268-78e98d023889', 'a2000000-0000-0000-0000-000000000001', 329990.00, 356389.20, 'RUB', 1000) ON CONFLICT DO NOTHING;
INSERT INTO products (id, name, slug, category_id, unit, description) VALUES ('3d647ce7-6b28-40ca-a1ab-a008d38f8406', '12   Ст10', '12-10', (SELECT id FROM categories WHERE slug='truby-i-profil'), 'т', 'https://mc.ru') ON CONFLICT DO NOTHING;
INSERT INTO price_items (id, product_id, supplier_id, price_base, price_markup, currency, stock_qty) VALUES ('b8cb2ba0-ccf6-410a-a850-ac101622c04e', '3d647ce7-6b28-40ca-a1ab-a008d38f8406', 'a2000000-0000-0000-0000-000000000001', 699990.00, 755989.20, 'RUB', 1000) ON CONFLICT DO NOTHING;
INSERT INTO products (id, name, slug, category_id, unit, description) VALUES ('236d9d28-06cc-4b85-9a66-587375e8a89f', '21   Ст20 2,5', '21-20-2-5', (SELECT id FROM categories WHERE slug='truby-i-profil'), 'т', 'https://mc.ru') ON CONFLICT DO NOTHING;
INSERT INTO price_items (id, product_id, supplier_id, price_base, price_markup, currency, stock_qty) VALUES ('001fba33-c938-428a-bc70-f63ee53802c4', '236d9d28-06cc-4b85-9a66-587375e8a89f', 'a2000000-0000-0000-0000-000000000001', 309990.00, 334789.20, 'RUB', 1000) ON CONFLICT DO NOTHING;
INSERT INTO products (id, name, slug, category_id, unit, description) VALUES ('1947016e-1ef7-49a1-9a54-af21e64b6ebf', '21   Ст20 3,5', '21-20-3-5', (SELECT id FROM categories WHERE slug='truby-i-profil'), 'т', 'https://mc.ru') ON CONFLICT DO NOTHING;
INSERT INTO price_items (id, product_id, supplier_id, price_base, price_markup, currency, stock_qty) VALUES ('b2bb9bb1-ec82-48c6-acd1-cd653f981321', '1947016e-1ef7-49a1-9a54-af21e64b6ebf', 'a2000000-0000-0000-0000-000000000001', 299990.00, 323989.20, 'RUB', 1000) ON CONFLICT DO NOTHING;
INSERT INTO products (id, name, slug, category_id, unit, description) VALUES ('b49ea349-5552-4e69-921f-74bc1629607d', '12   Ст20', '12-20', (SELECT id FROM categories WHERE slug='truby-i-profil'), 'т', 'https://mc.ru') ON CONFLICT DO NOTHING;
INSERT INTO price_items (id, product_id, supplier_id, price_base, price_markup, currency, stock_qty) VALUES ('72060f86-50d6-48b6-85bb-a9a71cb1261a', 'b49ea349-5552-4e69-921f-74bc1629607d', 'a2000000-0000-0000-0000-000000000001', 699990.00, 755989.20, 'RUB', 1000) ON CONFLICT DO NOTHING;
INSERT INTO products (id, name, slug, category_id, unit, description) VALUES ('3d9b948a-4e81-453d-a20f-022332f5d622', '21   Ст20 4 ; 5', '21-20-4-5', (SELECT id FROM categories WHERE slug='truby-i-profil'), 'т', 'https://mc.ru') ON CONFLICT DO NOTHING;
INSERT INTO price_items (id, product_id, supplier_id, price_base, price_markup, currency, stock_qty) VALUES ('24bb027d-01a2-4714-9999-0d20f5a43d35', '3d9b948a-4e81-453d-a20f-022332f5d622', 'a2000000-0000-0000-0000-000000000001', 289990.00, 313189.20, 'RUB', 1000) ON CONFLICT DO NOTHING;
INSERT INTO products (id, name, slug, category_id, unit, description) VALUES ('89347af8-31df-456e-89d6-26e7fa0229e8', '12   Ст20 1,5', '12-20-1-5', (SELECT id FROM categories WHERE slug='truby-i-profil'), 'т', 'https://mc.ru') ON CONFLICT DO NOTHING;
INSERT INTO price_items (id, product_id, supplier_id, price_base, price_markup, currency, stock_qty) VALUES ('81f812a4-eb6e-405d-8b7e-940e907b45d6', '89347af8-31df-456e-89d6-26e7fa0229e8', 'a2000000-0000-0000-0000-000000000001', 539990.00, 583189.20, 'RUB', 1000) ON CONFLICT DO NOTHING;
INSERT INTO products (id, name, slug, category_id, unit, description) VALUES ('f21760d4-9028-4504-8aac-c88edc08edd6', '22   Gr b     ASTM A106 1,5', '22-gr-b-astm-a106-1-5', (SELECT id FROM categories WHERE slug='truby-i-profil'), 'т', 'https://mc.ru') ON CONFLICT DO NOTHING;
INSERT INTO price_items (id, product_id, supplier_id, price_base, price_markup, currency, stock_qty) VALUES ('a74699c8-5267-4c50-8646-4c5098154cba', 'f21760d4-9028-4504-8aac-c88edc08edd6', 'a2000000-0000-0000-0000-000000000001', 189990.00, 205189.20, 'RUB', 1000) ON CONFLICT DO NOTHING;
INSERT INTO products (id, name, slug, category_id, unit, description) VALUES ('85e96182-5f0f-4497-9eba-3ea5ddd314ae', '12   Ст20 2,5', '12-20-2-5', (SELECT id FROM categories WHERE slug='truby-i-profil'), 'т', 'https://mc.ru') ON CONFLICT DO NOTHING;
INSERT INTO price_items (id, product_id, supplier_id, price_base, price_markup, currency, stock_qty) VALUES ('0a5c8427-e653-4846-a72a-2baa59ecaf0a', '85e96182-5f0f-4497-9eba-3ea5ddd314ae', 'a2000000-0000-0000-0000-000000000001', 419990.00, 453589.20, 'RUB', 1000) ON CONFLICT DO NOTHING;
INSERT INTO products (id, name, slug, category_id, unit, description) VALUES ('b71d9bb8-b9a0-49b1-b057-ca1b8e5355ce', '22   Gr b     ASTM A106 2 ; 2,5; 3', '22-gr-b-astm-a106-2-2-5-3', (SELECT id FROM categories WHERE slug='truby-i-profil'), 'т', 'https://mc.ru') ON CONFLICT DO NOTHING;
INSERT INTO price_items (id, product_id, supplier_id, price_base, price_markup, currency, stock_qty) VALUES ('06009727-a081-4485-8099-0aa4d3bb0909', 'b71d9bb8-b9a0-49b1-b057-ca1b8e5355ce', 'a2000000-0000-0000-0000-000000000001', 129990.00, 140389.20, 'RUB', 1000) ON CONFLICT DO NOTHING;
INSERT INTO products (id, name, slug, category_id, unit, description) VALUES ('cede9aaf-a6bd-4d66-8ad3-84e160f879a6', '12   Ст20     Ст20 1,2', '12-20-20-1-2', (SELECT id FROM categories WHERE slug='truby-i-profil'), 'т', 'https://mc.ru') ON CONFLICT DO NOTHING;
INSERT INTO price_items (id, product_id, supplier_id, price_base, price_markup, currency, stock_qty) VALUES ('2df9056d-0269-4da3-8ef2-1f5f9f6eb95d', 'cede9aaf-a6bd-4d66-8ad3-84e160f879a6', 'a2000000-0000-0000-0000-000000000001', 569990.00, 615589.20, 'RUB', 1000) ON CONFLICT DO NOTHING;
INSERT INTO products (id, name, slug, category_id, unit, description) VALUES ('b78efa3b-173d-4f25-b372-41c7510b14ee', '22   Gr b     ASTM A106 3,5 ; 4; 5', '22-gr-b-astm-a106-3-5-4-5', (SELECT id FROM categories WHERE slug='truby-i-profil'), 'т', 'https://mc.ru') ON CONFLICT DO NOTHING;
INSERT INTO price_items (id, product_id, supplier_id, price_base, price_markup, currency, stock_qty) VALUES ('348f7166-870f-4083-b4bc-8798a7740019', 'b78efa3b-173d-4f25-b372-41c7510b14ee', 'a2000000-0000-0000-0000-000000000001', 119990.00, 129589.20, 'RUB', 1000) ON CONFLICT DO NOTHING;
INSERT INTO products (id, name, slug, category_id, unit, description) VALUES ('ed0f73b6-1d34-4321-ac75-a8da56ef052a', '14   Ст10 1,5', '14-10-1-5', (SELECT id FROM categories WHERE slug='truby-i-profil'), 'т', 'https://mc.ru') ON CONFLICT DO NOTHING;
INSERT INTO price_items (id, product_id, supplier_id, price_base, price_markup, currency, stock_qty) VALUES ('7916a78b-6575-4789-89cc-ca9439b6b84e', 'ed0f73b6-1d34-4321-ac75-a8da56ef052a', 'a2000000-0000-0000-0000-000000000001', 479990.00, 518389.20, 'RUB', 1000) ON CONFLICT DO NOTHING;
INSERT INTO products (id, name, slug, category_id, unit, description) VALUES ('2a865c11-63bc-4b63-a490-5c7f24dc4b2b', '14   Ст10 2', '14-10-2', (SELECT id FROM categories WHERE slug='truby-i-profil'), 'т', 'https://mc.ru') ON CONFLICT DO NOTHING;
INSERT INTO price_items (id, product_id, supplier_id, price_base, price_markup, currency, stock_qty) VALUES ('239427e4-4e89-40a7-bb9d-31d96526ee1d', '2a865c11-63bc-4b63-a490-5c7f24dc4b2b', 'a2000000-0000-0000-0000-000000000001', 429990.00, 464389.20, 'RUB', 1000) ON CONFLICT DO NOTHING;
INSERT INTO products (id, name, slug, category_id, unit, description) VALUES ('e8692f82-4fc6-4d99-ac6e-4d270f35534d', '22   Ст10', '22-10', (SELECT id FROM categories WHERE slug='truby-i-profil'), 'т', 'https://mc.ru') ON CONFLICT DO NOTHING;
INSERT INTO price_items (id, product_id, supplier_id, price_base, price_markup, currency, stock_qty) VALUES ('37d2c395-3c00-48b9-8bd4-3bb437dc4139', 'e8692f82-4fc6-4d99-ac6e-4d270f35534d', 'a2000000-0000-0000-0000-000000000001', 329990.00, 356389.20, 'RUB', 1000) ON CONFLICT DO NOTHING;
INSERT INTO products (id, name, slug, category_id, unit, description) VALUES ('0b4a555d-e42f-4841-b591-2f450c40b9ec', '14   Ст10 2,5', '14-10-2-5', (SELECT id FROM categories WHERE slug='truby-i-profil'), 'т', 'https://mc.ru') ON CONFLICT DO NOTHING;
INSERT INTO price_items (id, product_id, supplier_id, price_base, price_markup, currency, stock_qty) VALUES ('61d6232a-ff4e-499a-a601-671bddeedfd2', '0b4a555d-e42f-4841-b591-2f450c40b9ec', 'a2000000-0000-0000-0000-000000000001', 399990.00, 431989.20, 'RUB', 1000) ON CONFLICT DO NOTHING;
INSERT INTO products (id, name, slug, category_id, unit, description) VALUES ('2e0ddb34-e218-42b0-b5fd-b3035bd43771', '22   Ст10 2,5', '22-10-2-5', (SELECT id FROM categories WHERE slug='truby-i-profil'), 'т', 'https://mc.ru') ON CONFLICT DO NOTHING;
INSERT INTO price_items (id, product_id, supplier_id, price_base, price_markup, currency, stock_qty) VALUES ('e2382150-a4e6-4511-97ab-39aec6a60a07', '2e0ddb34-e218-42b0-b5fd-b3035bd43771', 'a2000000-0000-0000-0000-000000000001', 309990.00, 334789.20, 'RUB', 1000) ON CONFLICT DO NOTHING;
INSERT INTO products (id, name, slug, category_id, unit, description) VALUES ('3ebb550b-44ee-4fef-8809-d8a101dd5712', '14   Ст10 3', '14-10-3', (SELECT id FROM categories WHERE slug='truby-i-profil'), 'т', 'https://mc.ru') ON CONFLICT DO NOTHING;
INSERT INTO price_items (id, product_id, supplier_id, price_base, price_markup, currency, stock_qty) VALUES ('345eb713-ab20-40cb-b8af-245056218afb', '3ebb550b-44ee-4fef-8809-d8a101dd5712', 'a2000000-0000-0000-0000-000000000001', 379990.00, 410389.20, 'RUB', 1000) ON CONFLICT DO NOTHING;
INSERT INTO products (id, name, slug, category_id, unit, description) VALUES ('aa277fab-466d-437d-953f-c59c79d5a217', '22   Ст10 3', '22-10-3', (SELECT id FROM categories WHERE slug='truby-i-profil'), 'т', 'https://mc.ru') ON CONFLICT DO NOTHING;
INSERT INTO price_items (id, product_id, supplier_id, price_base, price_markup, currency, stock_qty) VALUES ('9ecfd7a7-3a16-4dc1-bb5b-06f114dfb36c', 'aa277fab-466d-437d-953f-c59c79d5a217', 'a2000000-0000-0000-0000-000000000001', 299990.00, 323989.20, 'RUB', 1000) ON CONFLICT DO NOTHING;
INSERT INTO products (id, name, slug, category_id, unit, description) VALUES ('8fe3434a-510c-4d89-912b-df6437d70049', '14   Ст10', '14-10', (SELECT id FROM categories WHERE slug='truby-i-profil'), 'т', 'https://mc.ru') ON CONFLICT DO NOTHING;
INSERT INTO price_items (id, product_id, supplier_id, price_base, price_markup, currency, stock_qty) VALUES ('dd5ff5fd-ea3c-4311-a1aa-48def0618e41', '8fe3434a-510c-4d89-912b-df6437d70049', 'a2000000-0000-0000-0000-000000000001', 369990.00, 399589.20, 'RUB', 1000) ON CONFLICT DO NOTHING;
INSERT INTO products (id, name, slug, category_id, unit, description) VALUES ('2d9358b2-6c95-4a8a-8696-effd6d69cfd8', '22   Ст10 3,5', '22-10-3-5', (SELECT id FROM categories WHERE slug='truby-i-profil'), 'т', 'https://mc.ru') ON CONFLICT DO NOTHING;
INSERT INTO price_items (id, product_id, supplier_id, price_base, price_markup, currency, stock_qty) VALUES ('62ed7a47-7f34-4c77-a4aa-d3d523f4e07e', '2d9358b2-6c95-4a8a-8696-effd6d69cfd8', 'a2000000-0000-0000-0000-000000000001', 289990.00, 313189.20, 'RUB', 1000) ON CONFLICT DO NOTHING;
INSERT INTO products (id, name, slug, category_id, unit, description) VALUES ('0310c73e-c4d7-4d5e-b0c6-f63f4956238c', '14   Ст20', '14-20', (SELECT id FROM categories WHERE slug='truby-i-profil'), 'т', 'https://mc.ru') ON CONFLICT DO NOTHING;
INSERT INTO price_items (id, product_id, supplier_id, price_base, price_markup, currency, stock_qty) VALUES ('c13d6dd1-3d14-40a6-9427-2cba86b7af03', '0310c73e-c4d7-4d5e-b0c6-f63f4956238c', 'a2000000-0000-0000-0000-000000000001', 629990.00, 680389.20, 'RUB', 1000) ON CONFLICT DO NOTHING;
INSERT INTO products (id, name, slug, category_id, unit, description) VALUES ('1abe2632-499f-4e51-93e7-3b002061f43a', '22   Ст20 1,5 ; 2', '22-20-1-5-2', (SELECT id FROM categories WHERE slug='truby-i-profil'), 'т', 'https://mc.ru') ON CONFLICT DO NOTHING;
INSERT INTO price_items (id, product_id, supplier_id, price_base, price_markup, currency, stock_qty) VALUES ('0f395027-34e5-4794-adc0-8ee983883ef8', '1abe2632-499f-4e51-93e7-3b002061f43a', 'a2000000-0000-0000-0000-000000000001', 329990.00, 356389.20, 'RUB', 1000) ON CONFLICT DO NOTHING;
INSERT INTO products (id, name, slug, category_id, unit, description) VALUES ('dfd0a584-960d-415e-9da6-e3e264adb2a6', '14   Ст20 1,5', '14-20-1-5', (SELECT id FROM categories WHERE slug='truby-i-profil'), 'т', 'https://mc.ru') ON CONFLICT DO NOTHING;
INSERT INTO price_items (id, product_id, supplier_id, price_base, price_markup, currency, stock_qty) VALUES ('ef51e33a-e89f-40ec-b52c-57c126a6d168', 'dfd0a584-960d-415e-9da6-e3e264adb2a6', 'a2000000-0000-0000-0000-000000000001', 479990.00, 518389.20, 'RUB', 1000) ON CONFLICT DO NOTHING;
INSERT INTO products (id, name, slug, category_id, unit, description) VALUES ('a3d25cf3-fb12-4050-9390-d764ebea89c7', '22   Ст20 2,5', '22-20-2-5', (SELECT id FROM categories WHERE slug='truby-i-profil'), 'т', 'https://mc.ru') ON CONFLICT DO NOTHING;
INSERT INTO price_items (id, product_id, supplier_id, price_base, price_markup, currency, stock_qty) VALUES ('29b6b3fc-06dc-481f-aa2b-5e6024d55162', 'a3d25cf3-fb12-4050-9390-d764ebea89c7', 'a2000000-0000-0000-0000-000000000001', 309990.00, 334789.20, 'RUB', 1000) ON CONFLICT DO NOTHING;
INSERT INTO products (id, name, slug, category_id, unit, description) VALUES ('9c9289ab-a82b-49d1-bb9b-aa4028d74281', '22   Ст20 3,5', '22-20-3-5', (SELECT id FROM categories WHERE slug='truby-i-profil'), 'т', 'https://mc.ru') ON CONFLICT DO NOTHING;
INSERT INTO price_items (id, product_id, supplier_id, price_base, price_markup, currency, stock_qty) VALUES ('38d002a7-7dfe-413e-b3d6-d541dc99b04f', '9c9289ab-a82b-49d1-bb9b-aa4028d74281', 'a2000000-0000-0000-0000-000000000001', 289990.00, 313189.20, 'RUB', 1000) ON CONFLICT DO NOTHING;
INSERT INTO products (id, name, slug, category_id, unit, description) VALUES ('1cb4ad79-c5a4-478f-9050-3a52a16e32db', '14   Ст20 2,5', '14-20-2-5', (SELECT id FROM categories WHERE slug='truby-i-profil'), 'т', 'https://mc.ru') ON CONFLICT DO NOTHING;
INSERT INTO price_items (id, product_id, supplier_id, price_base, price_markup, currency, stock_qty) VALUES ('be7fcaa5-82ca-489d-9a8c-2cdcd4874f13', '1cb4ad79-c5a4-478f-9050-3a52a16e32db', 'a2000000-0000-0000-0000-000000000001', 399990.00, 431989.20, 'RUB', 1000) ON CONFLICT DO NOTHING;
INSERT INTO products (id, name, slug, category_id, unit, description) VALUES ('32f7e65b-a8b9-4e65-b09b-80857d1fb50b', '22   Ст20 4', '22-20-4', (SELECT id FROM categories WHERE slug='truby-i-profil'), 'т', 'https://mc.ru') ON CONFLICT DO NOTHING;
INSERT INTO price_items (id, product_id, supplier_id, price_base, price_markup, currency, stock_qty) VALUES ('34f880e5-1be2-47b9-bafd-4ef7e19dca76', '32f7e65b-a8b9-4e65-b09b-80857d1fb50b', 'a2000000-0000-0000-0000-000000000001', 279990.00, 302389.20, 'RUB', 1000) ON CONFLICT DO NOTHING;
INSERT INTO products (id, name, slug, category_id, unit, description) VALUES ('7656304b-35e3-4b89-a524-1c6d6cf89e3c', '14   Ст20 3', '14-20-3', (SELECT id FROM categories WHERE slug='truby-i-profil'), 'т', 'https://mc.ru') ON CONFLICT DO NOTHING;
INSERT INTO price_items (id, product_id, supplier_id, price_base, price_markup, currency, stock_qty) VALUES ('ba194a09-352c-430d-b1a2-683502e254c7', '7656304b-35e3-4b89-a524-1c6d6cf89e3c', 'a2000000-0000-0000-0000-000000000001', 379990.00, 410389.20, 'RUB', 1000) ON CONFLICT DO NOTHING;
INSERT INTO products (id, name, slug, category_id, unit, description) VALUES ('168ca181-ef1e-475f-8dc3-f9d1c30c6e6e', '22   Ст20 5', '22-20-5', (SELECT id FROM categories WHERE slug='truby-i-profil'), 'т', 'https://mc.ru') ON CONFLICT DO NOTHING;
INSERT INTO price_items (id, product_id, supplier_id, price_base, price_markup, currency, stock_qty) VALUES ('7644a670-1df9-4b2c-a6d8-8de264ad224b', '168ca181-ef1e-475f-8dc3-f9d1c30c6e6e', 'a2000000-0000-0000-0000-000000000001', 269990.00, 291589.20, 'RUB', 1000) ON CONFLICT DO NOTHING;
INSERT INTO products (id, name, slug, category_id, unit, description) VALUES ('d729812c-c18e-4d75-be62-5e289ff4c5ef', '22   Ст20 6', '22-20-6', (SELECT id FROM categories WHERE slug='truby-i-profil'), 'т', 'https://mc.ru') ON CONFLICT DO NOTHING;
INSERT INTO price_items (id, product_id, supplier_id, price_base, price_markup, currency, stock_qty) VALUES ('ce01a618-5aef-403a-a792-303669539c69', 'd729812c-c18e-4d75-be62-5e289ff4c5ef', 'a2000000-0000-0000-0000-000000000001', 279990.00, 302389.20, 'RUB', 1000) ON CONFLICT DO NOTHING;
INSERT INTO products (id, name, slug, category_id, unit, description) VALUES ('c2c91934-fa9a-42c0-bc62-06be41fec0fe', '15   Ст10 1,5', '15-10-1-5', (SELECT id FROM categories WHERE slug='truby-i-profil'), 'т', 'https://mc.ru') ON CONFLICT DO NOTHING;
INSERT INTO price_items (id, product_id, supplier_id, price_base, price_markup, currency, stock_qty) VALUES ('39653ce6-1d63-46a4-a92b-99edd90b972b', 'c2c91934-fa9a-42c0-bc62-06be41fec0fe', 'a2000000-0000-0000-0000-000000000001', 479990.00, 518389.20, 'RUB', 1000) ON CONFLICT DO NOTHING;
INSERT INTO products (id, name, slug, category_id, unit, description) VALUES ('59a22c7e-9828-4625-a050-c327326f124c', '24   Ст10 2,5', '24-10-2-5', (SELECT id FROM categories WHERE slug='truby-i-profil'), 'т', 'https://mc.ru') ON CONFLICT DO NOTHING;
INSERT INTO price_items (id, product_id, supplier_id, price_base, price_markup, currency, stock_qty) VALUES ('adcc8be1-51cf-47a6-b84d-31a94825e9be', '59a22c7e-9828-4625-a050-c327326f124c', 'a2000000-0000-0000-0000-000000000001', 289990.00, 313189.20, 'RUB', 1000) ON CONFLICT DO NOTHING;
INSERT INTO products (id, name, slug, category_id, unit, description) VALUES ('67c32878-ec9a-43b1-a37a-377d02ae3ab2', '15   Ст10 2,5', '15-10-2-5', (SELECT id FROM categories WHERE slug='truby-i-profil'), 'т', 'https://mc.ru') ON CONFLICT DO NOTHING;
INSERT INTO price_items (id, product_id, supplier_id, price_base, price_markup, currency, stock_qty) VALUES ('d4196fad-efaf-4b67-a0ac-d66c13ff792b', '67c32878-ec9a-43b1-a37a-377d02ae3ab2', 'a2000000-0000-0000-0000-000000000001', 389990.00, 421189.20, 'RUB', 1000) ON CONFLICT DO NOTHING;
INSERT INTO products (id, name, slug, category_id, unit, description) VALUES ('78883cb2-876d-4b49-807e-665767e5265a', '24   Ст10 3', '24-10-3', (SELECT id FROM categories WHERE slug='truby-i-profil'), 'т', 'https://mc.ru') ON CONFLICT DO NOTHING;
INSERT INTO price_items (id, product_id, supplier_id, price_base, price_markup, currency, stock_qty) VALUES ('96a67670-5e3a-4e9d-9d1e-2575db9a5883', '78883cb2-876d-4b49-807e-665767e5265a', 'a2000000-0000-0000-0000-000000000001', 279990.00, 302389.20, 'RUB', 1000) ON CONFLICT DO NOTHING;
INSERT INTO products (id, name, slug, category_id, unit, description) VALUES ('3431b6d4-b191-4f2f-929d-7792e9c5ebb5', '15   Ст10 4', '15-10-4', (SELECT id FROM categories WHERE slug='truby-i-profil'), 'т', 'https://mc.ru') ON CONFLICT DO NOTHING;
INSERT INTO price_items (id, product_id, supplier_id, price_base, price_markup, currency, stock_qty) VALUES ('a3846e27-c890-4219-af50-6a2a9bedd8b1', '3431b6d4-b191-4f2f-929d-7792e9c5ebb5', 'a2000000-0000-0000-0000-000000000001', 339990.00, 367189.20, 'RUB', 1000) ON CONFLICT DO NOTHING;
INSERT INTO products (id, name, slug, category_id, unit, description) VALUES ('8654ae52-d6fb-493e-b4ad-85c008af848e', '24   Ст10', '24-10', (SELECT id FROM categories WHERE slug='truby-i-profil'), 'т', 'https://mc.ru') ON CONFLICT DO NOTHING;
INSERT INTO price_items (id, product_id, supplier_id, price_base, price_markup, currency, stock_qty) VALUES ('ebc450a9-107b-4576-978b-2e7938cd6cbf', '8654ae52-d6fb-493e-b4ad-85c008af848e', 'a2000000-0000-0000-0000-000000000001', 269990.00, 291589.20, 'RUB', 1000) ON CONFLICT DO NOTHING;
INSERT INTO products (id, name, slug, category_id, unit, description) VALUES ('ad40c9a2-bb3e-48d4-bbcb-10c6a15c61d0', '15   Ст20 1,5', '15-20-1-5', (SELECT id FROM categories WHERE slug='truby-i-profil'), 'т', 'https://mc.ru') ON CONFLICT DO NOTHING;
INSERT INTO price_items (id, product_id, supplier_id, price_base, price_markup, currency, stock_qty) VALUES ('08ba0eac-c6c5-4341-b9d6-4f7de75d48e5', 'ad40c9a2-bb3e-48d4-bbcb-10c6a15c61d0', 'a2000000-0000-0000-0000-000000000001', 479990.00, 518389.20, 'RUB', 1000) ON CONFLICT DO NOTHING;
INSERT INTO products (id, name, slug, category_id, unit, description) VALUES ('3fb2498b-7a48-4a31-8f38-0936467c35d6', '24   Ст20 3', '24-20-3', (SELECT id FROM categories WHERE slug='truby-i-profil'), 'т', 'https://mc.ru') ON CONFLICT DO NOTHING;
INSERT INTO price_items (id, product_id, supplier_id, price_base, price_markup, currency, stock_qty) VALUES ('42b8443c-6f67-46f5-a61e-0d1544e45ab6', '3fb2498b-7a48-4a31-8f38-0936467c35d6', 'a2000000-0000-0000-0000-000000000001', 279990.00, 302389.20, 'RUB', 1000) ON CONFLICT DO NOTHING;
INSERT INTO products (id, name, slug, category_id, unit, description) VALUES ('b44e90e5-98f0-4581-8f05-ee9773b3a2b8', '15   Ст20', '15-20', (SELECT id FROM categories WHERE slug='truby-i-profil'), 'т', 'https://mc.ru') ON CONFLICT DO NOTHING;
INSERT INTO price_items (id, product_id, supplier_id, price_base, price_markup, currency, stock_qty) VALUES ('086c0acc-5004-44af-87bb-b139b70449e9', 'b44e90e5-98f0-4581-8f05-ee9773b3a2b8', 'a2000000-0000-0000-0000-000000000001', 419990.00, 453589.20, 'RUB', 1000) ON CONFLICT DO NOTHING;
INSERT INTO products (id, name, slug, category_id, unit, description) VALUES ('441eb8d7-48f7-4649-997b-d1ee6a01ce37', '24   Ст20', '24-20', (SELECT id FROM categories WHERE slug='truby-i-profil'), 'т', 'https://mc.ru') ON CONFLICT DO NOTHING;
INSERT INTO price_items (id, product_id, supplier_id, price_base, price_markup, currency, stock_qty) VALUES ('f835c363-944d-40b8-82f7-bee1ae68c51b', '441eb8d7-48f7-4649-997b-d1ee6a01ce37', 'a2000000-0000-0000-0000-000000000001', 269990.00, 291589.20, 'RUB', 1000) ON CONFLICT DO NOTHING;
INSERT INTO products (id, name, slug, category_id, unit, description) VALUES ('746164de-6093-4bb0-b34f-2097c8c200c7', '15   Ст20 2,5', '15-20-2-5', (SELECT id FROM categories WHERE slug='truby-i-profil'), 'т', 'https://mc.ru') ON CONFLICT DO NOTHING;
INSERT INTO price_items (id, product_id, supplier_id, price_base, price_markup, currency, stock_qty) VALUES ('b960e4c0-96e9-44af-a597-6046999f5595', '746164de-6093-4bb0-b34f-2097c8c200c7', 'a2000000-0000-0000-0000-000000000001', 389990.00, 421189.20, 'RUB', 1000) ON CONFLICT DO NOTHING;
INSERT INTO products (id, name, slug, category_id, unit, description) VALUES ('e4d7be0d-9e89-42f5-a1be-360505cb22d6', '25   Gr b     ASTM A106 3,5', '25-gr-b-astm-a106-3-5', (SELECT id FROM categories WHERE slug='truby-i-profil'), 'т', 'https://mc.ru') ON CONFLICT DO NOTHING;
INSERT INTO price_items (id, product_id, supplier_id, price_base, price_markup, currency, stock_qty) VALUES ('9bea9815-e672-4882-acdd-0b803c1c0c5e', 'e4d7be0d-9e89-42f5-a1be-360505cb22d6', 'a2000000-0000-0000-0000-000000000001', 139990.00, 151189.20, 'RUB', 1000) ON CONFLICT DO NOTHING;
INSERT INTO products (id, name, slug, category_id, unit, description) VALUES ('c0cea205-3943-4efb-b308-53ee0f9c5a3c', '16   Ст10 1,5', '16-10-1-5', (SELECT id FROM categories WHERE slug='truby-i-profil'), 'т', 'https://mc.ru') ON CONFLICT DO NOTHING;
INSERT INTO price_items (id, product_id, supplier_id, price_base, price_markup, currency, stock_qty) VALUES ('0ffbd786-1ab7-42fe-8a25-0ca6a445eb6d', 'c0cea205-3943-4efb-b308-53ee0f9c5a3c', 'a2000000-0000-0000-0000-000000000001', 449990.00, 485989.20, 'RUB', 1000) ON CONFLICT DO NOTHING;
INSERT INTO products (id, name, slug, category_id, unit, description) VALUES ('5adc3985-47d4-4c9e-a731-51cffb192f4c', '16   Ст10 2,5', '16-10-2-5', (SELECT id FROM categories WHERE slug='truby-i-profil'), 'т', 'https://mc.ru') ON CONFLICT DO NOTHING;
INSERT INTO price_items (id, product_id, supplier_id, price_base, price_markup, currency, stock_qty) VALUES ('167f5dde-bd2a-4cbb-853e-ff6644d4e286', '5adc3985-47d4-4c9e-a731-51cffb192f4c', 'a2000000-0000-0000-0000-000000000001', 369990.00, 399589.20, 'RUB', 1000) ON CONFLICT DO NOTHING;
INSERT INTO products (id, name, slug, category_id, unit, description) VALUES ('6359b53e-71dd-40c0-b0c5-ad2faa46301a', '25   Gr b     ASTM A106', '25-gr-b-astm-a106', (SELECT id FROM categories WHERE slug='truby-i-profil'), 'т', 'https://mc.ru') ON CONFLICT DO NOTHING;
INSERT INTO price_items (id, product_id, supplier_id, price_base, price_markup, currency, stock_qty) VALUES ('cc821d8e-698a-4e59-85db-70eccf008aa4', '6359b53e-71dd-40c0-b0c5-ad2faa46301a', 'a2000000-0000-0000-0000-000000000001', 129990.00, 140389.20, 'RUB', 1000) ON CONFLICT DO NOTHING;
INSERT INTO products (id, name, slug, category_id, unit, description) VALUES ('7e4d2108-1796-488b-897d-934504b653c5', '16   Ст10 3', '16-10-3', (SELECT id FROM categories WHERE slug='truby-i-profil'), 'т', 'https://mc.ru') ON CONFLICT DO NOTHING;
INSERT INTO price_items (id, product_id, supplier_id, price_base, price_markup, currency, stock_qty) VALUES ('b92eefd6-c821-4634-8467-2719d00047f5', '7e4d2108-1796-488b-897d-934504b653c5', 'a2000000-0000-0000-0000-000000000001', 354990.00, 383389.20, 'RUB', 1000) ON CONFLICT DO NOTHING;
INSERT INTO products (id, name, slug, category_id, unit, description) VALUES ('33ceda26-6f4c-468e-bd20-6d795f051f86', '16   Ст20 1,5', '16-20-1-5', (SELECT id FROM categories WHERE slug='truby-i-profil'), 'т', 'https://mc.ru') ON CONFLICT DO NOTHING;
INSERT INTO price_items (id, product_id, supplier_id, price_base, price_markup, currency, stock_qty) VALUES ('c0ba6ec0-db12-4fb5-89c1-d90871e5b652', '33ceda26-6f4c-468e-bd20-6d795f051f86', 'a2000000-0000-0000-0000-000000000001', 449990.00, 485989.20, 'RUB', 1000) ON CONFLICT DO NOTHING;
INSERT INTO products (id, name, slug, category_id, unit, description) VALUES ('10f83da3-61ad-4dff-886d-b0a9bcad7027', '25   Ст10 1,5', '25-10-1-5', (SELECT id FROM categories WHERE slug='truby-i-profil'), 'т', 'https://mc.ru') ON CONFLICT DO NOTHING;
INSERT INTO price_items (id, product_id, supplier_id, price_base, price_markup, currency, stock_qty) VALUES ('38236e1f-b647-4b3f-9913-4c4e4d4c76d9', '10f83da3-61ad-4dff-886d-b0a9bcad7027', 'a2000000-0000-0000-0000-000000000001', 319990.00, 345589.20, 'RUB', 1000) ON CONFLICT DO NOTHING;
INSERT INTO products (id, name, slug, category_id, unit, description) VALUES ('a56d6b71-2b92-469b-86fb-02d2085830d2', '16   Ст20', '16-20', (SELECT id FROM categories WHERE slug='truby-i-profil'), 'т', 'https://mc.ru') ON CONFLICT DO NOTHING;
INSERT INTO price_items (id, product_id, supplier_id, price_base, price_markup, currency, stock_qty) VALUES ('cf5ffc98-a8ef-4683-bc56-4c8146615439', 'a56d6b71-2b92-469b-86fb-02d2085830d2', 'a2000000-0000-0000-0000-000000000001', 399990.00, 431989.20, 'RUB', 1000) ON CONFLICT DO NOTHING;
INSERT INTO products (id, name, slug, category_id, unit, description) VALUES ('48f095c7-4ea9-4dd7-8afa-2a3cad81447b', '25   Ст10', '25-10', (SELECT id FROM categories WHERE slug='truby-i-profil'), 'т', 'https://mc.ru') ON CONFLICT DO NOTHING;
INSERT INTO price_items (id, product_id, supplier_id, price_base, price_markup, currency, stock_qty) VALUES ('729d52b1-f1e9-41cd-a056-8f2831347aee', '48f095c7-4ea9-4dd7-8afa-2a3cad81447b', 'a2000000-0000-0000-0000-000000000001', 309990.00, 334789.20, 'RUB', 1000) ON CONFLICT DO NOTHING;
INSERT INTO products (id, name, slug, category_id, unit, description) VALUES ('b0aab02f-b03c-46e4-ac11-eadeb1b2eaa0', '16   Ст20 2,5', '16-20-2-5', (SELECT id FROM categories WHERE slug='truby-i-profil'), 'т', 'https://mc.ru') ON CONFLICT DO NOTHING;
INSERT INTO price_items (id, product_id, supplier_id, price_base, price_markup, currency, stock_qty) VALUES ('ec3e4510-203b-4d21-9c01-358a8d7f6d23', 'b0aab02f-b03c-46e4-ac11-eadeb1b2eaa0', 'a2000000-0000-0000-0000-000000000001', 369990.00, 399589.20, 'RUB', 1000) ON CONFLICT DO NOTHING;
INSERT INTO products (id, name, slug, category_id, unit, description) VALUES ('cda1e019-8117-48b3-b6d6-a1d21a516872', '25   Ст10 3 ; 4', '25-10-3-4', (SELECT id FROM categories WHERE slug='truby-i-profil'), 'т', 'https://mc.ru') ON CONFLICT DO NOTHING;
INSERT INTO price_items (id, product_id, supplier_id, price_base, price_markup, currency, stock_qty) VALUES ('93279166-972e-41a4-99b6-74d7e129623c', 'cda1e019-8117-48b3-b6d6-a1d21a516872', 'a2000000-0000-0000-0000-000000000001', 249990.00, 269989.20, 'RUB', 1000) ON CONFLICT DO NOTHING;
INSERT INTO products (id, name, slug, category_id, unit, description) VALUES ('424c2d26-6605-40bf-b911-3e13b237e188', '16   Ст20 3', '16-20-3', (SELECT id FROM categories WHERE slug='truby-i-profil'), 'т', 'https://mc.ru') ON CONFLICT DO NOTHING;
INSERT INTO price_items (id, product_id, supplier_id, price_base, price_markup, currency, stock_qty) VALUES ('b1b3cf91-c044-4f7f-b16e-1fa712f66a28', '424c2d26-6605-40bf-b911-3e13b237e188', 'a2000000-0000-0000-0000-000000000001', 354990.00, 383389.20, 'RUB', 1000) ON CONFLICT DO NOTHING;
INSERT INTO products (id, name, slug, category_id, unit, description) VALUES ('3d5d7038-c2f6-4a6f-8866-b820be3d5ba7', '16   Ст20 4', '16-20-4', (SELECT id FROM categories WHERE slug='truby-i-profil'), 'т', 'https://mc.ru') ON CONFLICT DO NOTHING;
INSERT INTO price_items (id, product_id, supplier_id, price_base, price_markup, currency, stock_qty) VALUES ('890408bc-0bd9-4443-bb85-0a0f96b2ccad', '3d5d7038-c2f6-4a6f-8866-b820be3d5ba7', 'a2000000-0000-0000-0000-000000000001', 349990.00, 377989.20, 'RUB', 1000) ON CONFLICT DO NOTHING;
INSERT INTO products (id, name, slug, category_id, unit, description) VALUES ('762a3830-655a-4299-bedd-03c04463a48f', '25   Ст20 1,5', '25-20-1-5', (SELECT id FROM categories WHERE slug='truby-i-profil'), 'т', 'https://mc.ru') ON CONFLICT DO NOTHING;
INSERT INTO price_items (id, product_id, supplier_id, price_base, price_markup, currency, stock_qty) VALUES ('b55be8f1-4f1a-437e-a10f-eafcb8ed50b5', '762a3830-655a-4299-bedd-03c04463a48f', 'a2000000-0000-0000-0000-000000000001', 319990.00, 345589.20, 'RUB', 1000) ON CONFLICT DO NOTHING;
INSERT INTO products (id, name, slug, category_id, unit, description) VALUES ('8cd1154a-33f4-48d1-9cad-577949a49622', '18   Ст10 2', '18-10-2', (SELECT id FROM categories WHERE slug='truby-i-profil'), 'т', 'https://mc.ru') ON CONFLICT DO NOTHING;
INSERT INTO price_items (id, product_id, supplier_id, price_base, price_markup, currency, stock_qty) VALUES ('1bdc8ee2-ba47-4c47-a180-438883fbf90d', '8cd1154a-33f4-48d1-9cad-577949a49622', 'a2000000-0000-0000-0000-000000000001', 359990.00, 388789.20, 'RUB', 1000) ON CONFLICT DO NOTHING;
INSERT INTO products (id, name, slug, category_id, unit, description) VALUES ('7c0862fc-554e-4efe-915a-42feae9bda35', '25   Ст20', '25-20', (SELECT id FROM categories WHERE slug='truby-i-profil'), 'т', 'https://mc.ru') ON CONFLICT DO NOTHING;
INSERT INTO price_items (id, product_id, supplier_id, price_base, price_markup, currency, stock_qty) VALUES ('522098fe-ecf7-4e4a-8f2e-34f742c65730', '7c0862fc-554e-4efe-915a-42feae9bda35', 'a2000000-0000-0000-0000-000000000001', 309990.00, 334789.20, 'RUB', 1000) ON CONFLICT DO NOTHING;
INSERT INTO products (id, name, slug, category_id, unit, description) VALUES ('32173601-b557-45d3-bdf5-74174bae0469', '18   Ст10 2,5 ; 3', '18-10-2-5-3', (SELECT id FROM categories WHERE slug='truby-i-profil'), 'т', 'https://mc.ru') ON CONFLICT DO NOTHING;
INSERT INTO price_items (id, product_id, supplier_id, price_base, price_markup, currency, stock_qty) VALUES ('568b4e7b-bd90-4cf6-9f49-56bca025e8e7', '32173601-b557-45d3-bdf5-74174bae0469', 'a2000000-0000-0000-0000-000000000001', 339990.00, 367189.20, 'RUB', 1000) ON CONFLICT DO NOTHING;
INSERT INTO products (id, name, slug, category_id, unit, description) VALUES ('8d5c2115-c7b7-43d8-96d6-85b88ddbd899', '25   Ст20 2,5', '25-20-2-5', (SELECT id FROM categories WHERE slug='truby-i-profil'), 'т', 'https://mc.ru') ON CONFLICT DO NOTHING;
INSERT INTO price_items (id, product_id, supplier_id, price_base, price_markup, currency, stock_qty) VALUES ('24874b1e-16f8-4873-b578-0921b988e807', '8d5c2115-c7b7-43d8-96d6-85b88ddbd899', 'a2000000-0000-0000-0000-000000000001', 269990.00, 291589.20, 'RUB', 1000) ON CONFLICT DO NOTHING;
INSERT INTO products (id, name, slug, category_id, unit, description) VALUES ('ee76d5d2-08e0-4116-94bc-d5638df1f2da', '18   Ст10 3,5', '18-10-3-5', (SELECT id FROM categories WHERE slug='truby-i-profil'), 'т', 'https://mc.ru') ON CONFLICT DO NOTHING;
INSERT INTO price_items (id, product_id, supplier_id, price_base, price_markup, currency, stock_qty) VALUES ('42dc2dd1-d028-4483-b258-d97e82f21c39', 'ee76d5d2-08e0-4116-94bc-d5638df1f2da', 'a2000000-0000-0000-0000-000000000001', 319990.00, 345589.20, 'RUB', 1000) ON CONFLICT DO NOTHING;
INSERT INTO products (id, name, slug, category_id, unit, description) VALUES ('ede21206-b971-4800-b3ae-cdac4b0f67b9', '25   Ст20 3 ; 3,5; 4', '25-20-3-3-5-4', (SELECT id FROM categories WHERE slug='truby-i-profil'), 'т', 'https://mc.ru') ON CONFLICT DO NOTHING;
INSERT INTO price_items (id, product_id, supplier_id, price_base, price_markup, currency, stock_qty) VALUES ('46504cde-ef27-4ab6-b761-c56e79689aa4', 'ede21206-b971-4800-b3ae-cdac4b0f67b9', 'a2000000-0000-0000-0000-000000000001', 249990.00, 269989.20, 'RUB', 1000) ON CONFLICT DO NOTHING;
INSERT INTO products (id, name, slug, category_id, unit, description) VALUES ('2a3842e5-8457-468c-9fdc-51ee735664d5', '18   Ст10 4', '18-10-4', (SELECT id FROM categories WHERE slug='truby-i-profil'), 'т', 'https://mc.ru') ON CONFLICT DO NOTHING;
INSERT INTO price_items (id, product_id, supplier_id, price_base, price_markup, currency, stock_qty) VALUES ('60c40262-56b6-4f74-80b8-8cd1a9bc8b7e', '2a3842e5-8457-468c-9fdc-51ee735664d5', 'a2000000-0000-0000-0000-000000000001', 309990.00, 334789.20, 'RUB', 1000) ON CONFLICT DO NOTHING;
INSERT INTO products (id, name, slug, category_id, unit, description) VALUES ('31ac28de-2659-474f-9c42-633ca2c92439', '25   Ст20 5 ; 6', '25-20-5-6', (SELECT id FROM categories WHERE slug='truby-i-profil'), 'т', 'https://mc.ru') ON CONFLICT DO NOTHING;
INSERT INTO price_items (id, product_id, supplier_id, price_base, price_markup, currency, stock_qty) VALUES ('d2f99e35-f9ce-471a-8829-8528285275c6', '31ac28de-2659-474f-9c42-633ca2c92439', 'a2000000-0000-0000-0000-000000000001', 239990.00, 259189.20, 'RUB', 1000) ON CONFLICT DO NOTHING;
INSERT INTO products (id, name, slug, category_id, unit, description) VALUES ('1afe23d2-e265-4bb1-9090-48d107eb6fe4', '38   Ст20 3,5 ; 4', '38-20-3-5-4', (SELECT id FROM categories WHERE slug='truby-i-profil'), 'т', 'https://mc.ru') ON CONFLICT DO NOTHING;
INSERT INTO price_items (id, product_id, supplier_id, price_base, price_markup, currency, stock_qty) VALUES ('cb5bdb87-fbe6-41f2-8467-178a3557e01f', '1afe23d2-e265-4bb1-9090-48d107eb6fe4', 'a2000000-0000-0000-0000-000000000001', 209990.00, 226789.20, 'RUB', 1000) ON CONFLICT DO NOTHING;
INSERT INTO products (id, name, slug, category_id, unit, description) VALUES ('810c319e-7718-4757-883d-88454d93dd1f', '38   Ст20 5', '38-20-5', (SELECT id FROM categories WHERE slug='truby-i-profil'), 'т', 'https://mc.ru') ON CONFLICT DO NOTHING;
INSERT INTO price_items (id, product_id, supplier_id, price_base, price_markup, currency, stock_qty) VALUES ('4ef61388-63ff-4b99-9b2f-dd0aa809a3e2', '810c319e-7718-4757-883d-88454d93dd1f', 'a2000000-0000-0000-0000-000000000001', 204990.00, 221389.20, 'RUB', 1000) ON CONFLICT DO NOTHING;
INSERT INTO products (id, name, slug, category_id, unit, description) VALUES ('bf3be7de-5840-4a15-9fbd-c72d9ed10081', '25   Ст20 7', '25-20-7', (SELECT id FROM categories WHERE slug='truby-i-profil'), 'т', 'https://mc.ru') ON CONFLICT DO NOTHING;
INSERT INTO price_items (id, product_id, supplier_id, price_base, price_markup, currency, stock_qty) VALUES ('39c31808-ef13-4f4b-8d27-9b9c913ca218', 'bf3be7de-5840-4a15-9fbd-c72d9ed10081', 'a2000000-0000-0000-0000-000000000001', 249990.00, 269989.20, 'RUB', 1000) ON CONFLICT DO NOTHING;
INSERT INTO products (id, name, slug, category_id, unit, description) VALUES ('f8553b8c-9448-4277-80bc-4da8a5f191a3', '38   Ст20', '38-20', (SELECT id FROM categories WHERE slug='truby-i-profil'), 'т', 'https://mc.ru') ON CONFLICT DO NOTHING;
INSERT INTO price_items (id, product_id, supplier_id, price_base, price_markup, currency, stock_qty) VALUES ('852babd5-7d98-4529-a042-3ff831e6c79b', 'f8553b8c-9448-4277-80bc-4da8a5f191a3', 'a2000000-0000-0000-0000-000000000001', 219990.00, 237589.20, 'RUB', 1000) ON CONFLICT DO NOTHING;
INSERT INTO products (id, name, slug, category_id, unit, description) VALUES ('0e24d60a-efe4-4cb9-a1ea-d36790d30fa9', '26   Ст10', '26-10', (SELECT id FROM categories WHERE slug='truby-i-profil'), 'т', 'https://mc.ru') ON CONFLICT DO NOTHING;
INSERT INTO price_items (id, product_id, supplier_id, price_base, price_markup, currency, stock_qty) VALUES ('a9290e28-2162-4f9f-a101-2acaa57a4983', '0e24d60a-efe4-4cb9-a1ea-d36790d30fa9', 'a2000000-0000-0000-0000-000000000001', 279990.00, 302389.20, 'RUB', 1000) ON CONFLICT DO NOTHING;
INSERT INTO products (id, name, slug, category_id, unit, description) VALUES ('9c84e7ac-733c-40c7-b2ce-4b226450656e', '40   Gr b     ASTM A106 3 ; 4', '40-gr-b-astm-a106-3-4', (SELECT id FROM categories WHERE slug='truby-i-profil'), 'т', 'https://mc.ru') ON CONFLICT DO NOTHING;
INSERT INTO price_items (id, product_id, supplier_id, price_base, price_markup, currency, stock_qty) VALUES ('5dfee8b0-617d-44fa-bee1-fa4e13a18b46', '9c84e7ac-733c-40c7-b2ce-4b226450656e', 'a2000000-0000-0000-0000-000000000001', 119990.00, 129589.20, 'RUB', 1000) ON CONFLICT DO NOTHING;
INSERT INTO products (id, name, slug, category_id, unit, description) VALUES ('eb495cf8-7740-490e-b2e8-929225878e53', '26   Ст10 3', '26-10-3', (SELECT id FROM categories WHERE slug='truby-i-profil'), 'т', 'https://mc.ru') ON CONFLICT DO NOTHING;
INSERT INTO price_items (id, product_id, supplier_id, price_base, price_markup, currency, stock_qty) VALUES ('561b6d7c-d090-4b67-bdf8-87674be136b0', 'eb495cf8-7740-490e-b2e8-929225878e53', 'a2000000-0000-0000-0000-000000000001', 249990.00, 269989.20, 'RUB', 1000) ON CONFLICT DO NOTHING;
INSERT INTO products (id, name, slug, category_id, unit, description) VALUES ('092613f1-804a-4bb7-8d20-d7c00b38566c', '26   Ст20 2,5', '26-20-2-5', (SELECT id FROM categories WHERE slug='truby-i-profil'), 'т', 'https://mc.ru') ON CONFLICT DO NOTHING;
INSERT INTO price_items (id, product_id, supplier_id, price_base, price_markup, currency, stock_qty) VALUES ('1c8f213f-54d1-497d-813a-2cf9c8c8927f', '092613f1-804a-4bb7-8d20-d7c00b38566c', 'a2000000-0000-0000-0000-000000000001', 259990.00, 280789.20, 'RUB', 1000) ON CONFLICT DO NOTHING;
INSERT INTO products (id, name, slug, category_id, unit, description) VALUES ('4fca33ec-8caf-4012-b2bb-e3171476579f', '40   Gr b     ASTM A106 7', '40-gr-b-astm-a106-7', (SELECT id FROM categories WHERE slug='truby-i-profil'), 'т', 'https://mc.ru') ON CONFLICT DO NOTHING;
INSERT INTO price_items (id, product_id, supplier_id, price_base, price_markup, currency, stock_qty) VALUES ('802337a3-cc77-49af-abde-46495d583305', '4fca33ec-8caf-4012-b2bb-e3171476579f', 'a2000000-0000-0000-0000-000000000001', 109990.00, 118789.20, 'RUB', 1000) ON CONFLICT DO NOTHING;
INSERT INTO products (id, name, slug, category_id, unit, description) VALUES ('d65f9127-e427-4ea0-95b7-906563721c3d', '26   Ст20 3', '26-20-3', (SELECT id FROM categories WHERE slug='truby-i-profil'), 'т', 'https://mc.ru') ON CONFLICT DO NOTHING;
INSERT INTO price_items (id, product_id, supplier_id, price_base, price_markup, currency, stock_qty) VALUES ('5aa51902-82f9-400d-b48f-8b92eb27b463', 'd65f9127-e427-4ea0-95b7-906563721c3d', 'a2000000-0000-0000-0000-000000000001', 249990.00, 269989.20, 'RUB', 1000) ON CONFLICT DO NOTHING;
INSERT INTO products (id, name, slug, category_id, unit, description) VALUES ('122105c8-c0de-4cfa-bc56-2db506b48601', '27   Ст10 3', '27-10-3', (SELECT id FROM categories WHERE slug='truby-i-profil'), 'т', 'https://mc.ru') ON CONFLICT DO NOTHING;
INSERT INTO price_items (id, product_id, supplier_id, price_base, price_markup, currency, stock_qty) VALUES ('438461e0-8e0a-41f1-8e41-626c4c4e51e2', '122105c8-c0de-4cfa-bc56-2db506b48601', 'a2000000-0000-0000-0000-000000000001', 249990.00, 269989.20, 'RUB', 1000) ON CONFLICT DO NOTHING;
INSERT INTO products (id, name, slug, category_id, unit, description) VALUES ('b75727d1-a2a7-4536-b9e9-fc75b9a958eb', '40   Ст10 2', '40-10-2', (SELECT id FROM categories WHERE slug='truby-i-profil'), 'т', 'https://mc.ru') ON CONFLICT DO NOTHING;
INSERT INTO price_items (id, product_id, supplier_id, price_base, price_markup, currency, stock_qty) VALUES ('591b9865-4989-4825-b3c3-ea4f5138fcf8', 'b75727d1-a2a7-4536-b9e9-fc75b9a958eb', 'a2000000-0000-0000-0000-000000000001', 269990.00, 291589.20, 'RUB', 1000) ON CONFLICT DO NOTHING;
INSERT INTO products (id, name, slug, category_id, unit, description) VALUES ('87b6d0d5-af5f-4aeb-8765-250a6e3eee1b', '27   Ст10 4', '27-10-4', (SELECT id FROM categories WHERE slug='truby-i-profil'), 'т', 'https://mc.ru') ON CONFLICT DO NOTHING;
INSERT INTO price_items (id, product_id, supplier_id, price_base, price_markup, currency, stock_qty) VALUES ('69e927fa-7e3f-42e2-88ae-815a9f4cc09b', '87b6d0d5-af5f-4aeb-8765-250a6e3eee1b', 'a2000000-0000-0000-0000-000000000001', 239990.00, 259189.20, 'RUB', 1000) ON CONFLICT DO NOTHING;
INSERT INTO products (id, name, slug, category_id, unit, description) VALUES ('8eb7d978-b8f0-417e-a5a6-82b86a286635', '40   Ст20 1,5', '40-20-1-5', (SELECT id FROM categories WHERE slug='truby-i-profil'), 'т', 'https://mc.ru') ON CONFLICT DO NOTHING;
INSERT INTO price_items (id, product_id, supplier_id, price_base, price_markup, currency, stock_qty) VALUES ('282e00b8-fdb5-4c82-8bed-9a1712f9bb71', '8eb7d978-b8f0-417e-a5a6-82b86a286635', 'a2000000-0000-0000-0000-000000000001', 289990.00, 313189.20, 'RUB', 1000) ON CONFLICT DO NOTHING;
INSERT INTO products (id, name, slug, category_id, unit, description) VALUES ('7a235e85-90e3-48cf-8066-e73a97641e25', '27   Ст10 5', '27-10-5', (SELECT id FROM categories WHERE slug='truby-i-profil'), 'т', 'https://mc.ru') ON CONFLICT DO NOTHING;
INSERT INTO price_items (id, product_id, supplier_id, price_base, price_markup, currency, stock_qty) VALUES ('b20c836b-9011-43c0-95e1-cd1e42aee40a', '7a235e85-90e3-48cf-8066-e73a97641e25', 'a2000000-0000-0000-0000-000000000001', 234990.00, 253789.20, 'RUB', 1000) ON CONFLICT DO NOTHING;
INSERT INTO products (id, name, slug, category_id, unit, description) VALUES ('268bcea0-2894-4488-8bab-ef69e079c182', '40   Ст20', '40-20', (SELECT id FROM categories WHERE slug='truby-i-profil'), 'т', 'https://mc.ru') ON CONFLICT DO NOTHING;
INSERT INTO price_items (id, product_id, supplier_id, price_base, price_markup, currency, stock_qty) VALUES ('bd481636-3e9e-4127-bd34-da842763faa4', '268bcea0-2894-4488-8bab-ef69e079c182', 'a2000000-0000-0000-0000-000000000001', 269990.00, 291589.20, 'RUB', 1000) ON CONFLICT DO NOTHING;
INSERT INTO products (id, name, slug, category_id, unit, description) VALUES ('3a8b3888-9806-4845-bc37-87574800f3ab', '27   Ст20', '27-20', (SELECT id FROM categories WHERE slug='truby-i-profil'), 'т', 'https://mc.ru') ON CONFLICT DO NOTHING;
INSERT INTO price_items (id, product_id, supplier_id, price_base, price_markup, currency, stock_qty) VALUES ('1d455421-b820-4fc6-bda2-e3770a344609', '3a8b3888-9806-4845-bc37-87574800f3ab', 'a2000000-0000-0000-0000-000000000001', 309990.00, 334789.20, 'RUB', 1000) ON CONFLICT DO NOTHING;
INSERT INTO products (id, name, slug, category_id, unit, description) VALUES ('9ea30f43-91b9-4ef6-a340-4c1e1dede6b2', '40   Ст20 2,5', '40-20-2-5', (SELECT id FROM categories WHERE slug='truby-i-profil'), 'т', 'https://mc.ru') ON CONFLICT DO NOTHING;
INSERT INTO price_items (id, product_id, supplier_id, price_base, price_markup, currency, stock_qty) VALUES ('413cec5c-bd3c-4d01-bb5a-431de3282732', '9ea30f43-91b9-4ef6-a340-4c1e1dede6b2', 'a2000000-0000-0000-0000-000000000001', 229990.00, 248389.20, 'RUB', 1000) ON CONFLICT DO NOTHING;
INSERT INTO products (id, name, slug, category_id, unit, description) VALUES ('bc81f126-ddc2-4363-af30-7e25e07cd24e', '27   Ст20 2,5', '27-20-2-5', (SELECT id FROM categories WHERE slug='truby-i-profil'), 'т', 'https://mc.ru') ON CONFLICT DO NOTHING;
INSERT INTO price_items (id, product_id, supplier_id, price_base, price_markup, currency, stock_qty) VALUES ('26d73c7f-80ce-46fd-bead-f9792e7db469', 'bc81f126-ddc2-4363-af30-7e25e07cd24e', 'a2000000-0000-0000-0000-000000000001', 269990.00, 291589.20, 'RUB', 1000) ON CONFLICT DO NOTHING;
INSERT INTO products (id, name, slug, category_id, unit, description) VALUES ('b72c71be-c61c-4a84-982d-fba824aa7524', '40   Ст20 3,5 ; 4; 5; 6', '40-20-3-5-4-5-6', (SELECT id FROM categories WHERE slug='truby-i-profil'), 'т', 'https://mc.ru') ON CONFLICT DO NOTHING;
INSERT INTO price_items (id, product_id, supplier_id, price_base, price_markup, currency, stock_qty) VALUES ('4317e945-3961-4f91-99c5-caaf4e9e762e', 'b72c71be-c61c-4a84-982d-fba824aa7524', 'a2000000-0000-0000-0000-000000000001', 204990.00, 221389.20, 'RUB', 1000) ON CONFLICT DO NOTHING;
INSERT INTO products (id, name, slug, category_id, unit, description) VALUES ('1b6efbd8-daf7-4dee-bff9-3281c41ef64a', '27   Ст20 3', '27-20-3', (SELECT id FROM categories WHERE slug='truby-i-profil'), 'т', 'https://mc.ru') ON CONFLICT DO NOTHING;
INSERT INTO price_items (id, product_id, supplier_id, price_base, price_markup, currency, stock_qty) VALUES ('a430e90f-41de-41b9-91f1-848ab1a7cc60', '1b6efbd8-daf7-4dee-bff9-3281c41ef64a', 'a2000000-0000-0000-0000-000000000001', 249990.00, 269989.20, 'RUB', 1000) ON CONFLICT DO NOTHING;
INSERT INTO products (id, name, slug, category_id, unit, description) VALUES ('a967e3fe-46de-48d2-92cd-bd446924f39f', '40   Ст20 8', '40-20-8', (SELECT id FROM categories WHERE slug='truby-i-profil'), 'т', 'https://mc.ru') ON CONFLICT DO NOTHING;
INSERT INTO price_items (id, product_id, supplier_id, price_base, price_markup, currency, stock_qty) VALUES ('d50dc35b-d3f8-40b1-8b24-3d5df439a83b', 'a967e3fe-46de-48d2-92cd-bd446924f39f', 'a2000000-0000-0000-0000-000000000001', 209990.00, 226789.20, 'RUB', 1000) ON CONFLICT DO NOTHING;
INSERT INTO products (id, name, slug, category_id, unit, description) VALUES ('c9277592-e1ff-4ad9-bd91-b9671a0b8867', '27   Ст20 3,2 ; 3,5; 4', '27-20-3-2-3-5-4', (SELECT id FROM categories WHERE slug='truby-i-profil'), 'т', 'https://mc.ru') ON CONFLICT DO NOTHING;
INSERT INTO price_items (id, product_id, supplier_id, price_base, price_markup, currency, stock_qty) VALUES ('9d68e40d-819d-4c1b-b7b3-c655b11c29e4', 'c9277592-e1ff-4ad9-bd91-b9671a0b8867', 'a2000000-0000-0000-0000-000000000001', 239990.00, 259189.20, 'RUB', 1000) ON CONFLICT DO NOTHING;
INSERT INTO products (id, name, slug, category_id, unit, description) VALUES ('1cd8614d-4b19-4e1f-a869-1ac81221ec89', '40   Ст20 9', '40-20-9', (SELECT id FROM categories WHERE slug='truby-i-profil'), 'т', 'https://mc.ru') ON CONFLICT DO NOTHING;
INSERT INTO price_items (id, product_id, supplier_id, price_base, price_markup, currency, stock_qty) VALUES ('d601d198-01d9-45bd-aee0-7578f8384387', '1cd8614d-4b19-4e1f-a869-1ac81221ec89', 'a2000000-0000-0000-0000-000000000001', 214990.00, 232189.20, 'RUB', 1000) ON CONFLICT DO NOTHING;
INSERT INTO products (id, name, slug, category_id, unit, description) VALUES ('7764894f-d484-4624-a4e3-55bed0df7b82', '27   Ст20 5', '27-20-5', (SELECT id FROM categories WHERE slug='truby-i-profil'), 'т', 'https://mc.ru') ON CONFLICT DO NOTHING;
INSERT INTO price_items (id, product_id, supplier_id, price_base, price_markup, currency, stock_qty) VALUES ('bc35e8b2-e4a0-4bd0-9d7e-d669b7f0d658', '7764894f-d484-4624-a4e3-55bed0df7b82', 'a2000000-0000-0000-0000-000000000001', 234990.00, 253789.20, 'RUB', 1000) ON CONFLICT DO NOTHING;
INSERT INTO products (id, name, slug, category_id, unit, description) VALUES ('28395919-b979-48af-9e8d-65c927a060cc', '42   Gr b     ASTM A106 3 ; 3,5; 4', '42-gr-b-astm-a106-3-3-5-4', (SELECT id FROM categories WHERE slug='truby-i-profil'), 'т', 'https://mc.ru') ON CONFLICT DO NOTHING;
INSERT INTO price_items (id, product_id, supplier_id, price_base, price_markup, currency, stock_qty) VALUES ('06e40cc3-b1da-45b6-bf77-c717fbd846d2', '28395919-b979-48af-9e8d-65c927a060cc', 'a2000000-0000-0000-0000-000000000001', 99990.00, 107989.20, 'RUB', 1000) ON CONFLICT DO NOTHING;
INSERT INTO products (id, name, slug, category_id, unit, description) VALUES ('f701dfbd-8fe6-4251-8dd0-aff308079d43', '27   Ст20 6', '27-20-6', (SELECT id FROM categories WHERE slug='truby-i-profil'), 'т', 'https://mc.ru') ON CONFLICT DO NOTHING;
INSERT INTO price_items (id, product_id, supplier_id, price_base, price_markup, currency, stock_qty) VALUES ('e8f109da-c835-434b-b8b1-0a4c3bc2ab06', 'f701dfbd-8fe6-4251-8dd0-aff308079d43', 'a2000000-0000-0000-0000-000000000001', 229990.00, 248389.20, 'RUB', 1000) ON CONFLICT DO NOTHING;
INSERT INTO products (id, name, slug, category_id, unit, description) VALUES ('8e9cf545-9bd5-4723-96b5-ef0c34e5f17c', '28   Ст10', '28-10', (SELECT id FROM categories WHERE slug='truby-i-profil'), 'т', 'https://mc.ru') ON CONFLICT DO NOTHING;
INSERT INTO price_items (id, product_id, supplier_id, price_base, price_markup, currency, stock_qty) VALUES ('ca44d437-d13d-4474-b98d-2bed4424d4fb', '8e9cf545-9bd5-4723-96b5-ef0c34e5f17c', 'a2000000-0000-0000-0000-000000000001', 299990.00, 323989.20, 'RUB', 1000) ON CONFLICT DO NOTHING;
INSERT INTO products (id, name, slug, category_id, unit, description) VALUES ('e7384d55-99f2-4174-a4b2-4c7c6b6b6c80', '42   Gr b     ASTM A106', '42-gr-b-astm-a106', (SELECT id FROM categories WHERE slug='truby-i-profil'), 'т', 'https://mc.ru') ON CONFLICT DO NOTHING;
INSERT INTO price_items (id, product_id, supplier_id, price_base, price_markup, currency, stock_qty) VALUES ('85591849-2adc-4ecf-bac6-f933cb20fd10', 'e7384d55-99f2-4174-a4b2-4c7c6b6b6c80', 'a2000000-0000-0000-0000-000000000001', 109990.00, 118789.20, 'RUB', 1000) ON CONFLICT DO NOTHING;
INSERT INTO products (id, name, slug, category_id, unit, description) VALUES ('a70188ae-386e-49f1-8754-394cdedb9c72', '28   Ст10 3', '28-10-3', (SELECT id FROM categories WHERE slug='truby-i-profil'), 'т', 'https://mc.ru') ON CONFLICT DO NOTHING;
INSERT INTO price_items (id, product_id, supplier_id, price_base, price_markup, currency, stock_qty) VALUES ('8d5fa149-316c-4c14-8257-00182ce4ae5a', 'a70188ae-386e-49f1-8754-394cdedb9c72', 'a2000000-0000-0000-0000-000000000001', 244990.00, 264589.20, 'RUB', 1000) ON CONFLICT DO NOTHING;
INSERT INTO products (id, name, slug, category_id, unit, description) VALUES ('6a2c0449-b3fa-4552-8d68-ab8d0aa00107', '28   Ст10 3,5', '28-10-3-5', (SELECT id FROM categories WHERE slug='truby-i-profil'), 'т', 'https://mc.ru') ON CONFLICT DO NOTHING;
INSERT INTO price_items (id, product_id, supplier_id, price_base, price_markup, currency, stock_qty) VALUES ('7f2bc4db-9509-47d5-a705-1fa85d6ad93b', '6a2c0449-b3fa-4552-8d68-ab8d0aa00107', 'a2000000-0000-0000-0000-000000000001', 239990.00, 259189.20, 'RUB', 1000) ON CONFLICT DO NOTHING;
INSERT INTO products (id, name, slug, category_id, unit, description) VALUES ('3e3459fe-e4a7-43cf-9e17-c4e083b3d8bb', '42   Gr b     ASTM A106 8', '42-gr-b-astm-a106-8', (SELECT id FROM categories WHERE slug='truby-i-profil'), 'т', 'https://mc.ru') ON CONFLICT DO NOTHING;
INSERT INTO price_items (id, product_id, supplier_id, price_base, price_markup, currency, stock_qty) VALUES ('1c69ec72-7518-4d00-879e-b7ced1ca89b5', '3e3459fe-e4a7-43cf-9e17-c4e083b3d8bb', 'a2000000-0000-0000-0000-000000000001', 99990.00, 107989.20, 'RUB', 1000) ON CONFLICT DO NOTHING;
INSERT INTO products (id, name, slug, category_id, unit, description) VALUES ('f78e1778-6c30-4dbd-99e3-678926f19d60', '28   Ст20 1,5', '28-20-1-5', (SELECT id FROM categories WHERE slug='truby-i-profil'), 'т', 'https://mc.ru') ON CONFLICT DO NOTHING;
INSERT INTO price_items (id, product_id, supplier_id, price_base, price_markup, currency, stock_qty) VALUES ('a168b6de-05eb-44d8-a16a-f049df0012ec', 'f78e1778-6c30-4dbd-99e3-678926f19d60', 'a2000000-0000-0000-0000-000000000001', 309990.00, 334789.20, 'RUB', 1000) ON CONFLICT DO NOTHING;
INSERT INTO products (id, name, slug, category_id, unit, description) VALUES ('f3041734-d30d-4d2b-b867-2e40d8022cc7', '28   Ст20', '28-20', (SELECT id FROM categories WHERE slug='truby-i-profil'), 'т', 'https://mc.ru') ON CONFLICT DO NOTHING;
INSERT INTO price_items (id, product_id, supplier_id, price_base, price_markup, currency, stock_qty) VALUES ('d5a62042-3a12-4c46-b677-55225d274e42', 'f3041734-d30d-4d2b-b867-2e40d8022cc7', 'a2000000-0000-0000-0000-000000000001', 299990.00, 323989.20, 'RUB', 1000) ON CONFLICT DO NOTHING;
INSERT INTO products (id, name, slug, category_id, unit, description) VALUES ('f15214a4-2df2-4ba3-9961-d44f866a55e3', '42   Ст10', '42-10', (SELECT id FROM categories WHERE slug='truby-i-profil'), 'т', 'https://mc.ru') ON CONFLICT DO NOTHING;
INSERT INTO price_items (id, product_id, supplier_id, price_base, price_markup, currency, stock_qty) VALUES ('c55a4a90-8d4d-40eb-94dc-e82491838b36', 'f15214a4-2df2-4ba3-9961-d44f866a55e3', 'a2000000-0000-0000-0000-000000000001', 269990.00, 291589.20, 'RUB', 1000) ON CONFLICT DO NOTHING;
INSERT INTO products (id, name, slug, category_id, unit, description) VALUES ('3c9c941c-2bf0-44c3-bf98-6be092a00bcb', '28   Ст20 2,5', '28-20-2-5', (SELECT id FROM categories WHERE slug='truby-i-profil'), 'т', 'https://mc.ru') ON CONFLICT DO NOTHING;
INSERT INTO price_items (id, product_id, supplier_id, price_base, price_markup, currency, stock_qty) VALUES ('1ed4dcf8-af9e-413e-9385-436a7ee1d100', '3c9c941c-2bf0-44c3-bf98-6be092a00bcb', 'a2000000-0000-0000-0000-000000000001', 254990.00, 275389.20, 'RUB', 1000) ON CONFLICT DO NOTHING;
INSERT INTO products (id, name, slug, category_id, unit, description) VALUES ('55012932-ed5d-41fa-8b5b-cce99eee0c60', '42   Ст10 3,5 ; 5', '42-10-3-5-5', (SELECT id FROM categories WHERE slug='truby-i-profil'), 'т', 'https://mc.ru') ON CONFLICT DO NOTHING;
INSERT INTO price_items (id, product_id, supplier_id, price_base, price_markup, currency, stock_qty) VALUES ('0b236c7f-dd8b-429e-9338-af43ab03e74c', '55012932-ed5d-41fa-8b5b-cce99eee0c60', 'a2000000-0000-0000-0000-000000000001', 209990.00, 226789.20, 'RUB', 1000) ON CONFLICT DO NOTHING;
INSERT INTO products (id, name, slug, category_id, unit, description) VALUES ('8b7d5516-7e19-4ed0-b02f-279f4e02d1e9', '28   Ст20 3', '28-20-3', (SELECT id FROM categories WHERE slug='truby-i-profil'), 'т', 'https://mc.ru') ON CONFLICT DO NOTHING;
INSERT INTO price_items (id, product_id, supplier_id, price_base, price_markup, currency, stock_qty) VALUES ('2a484f65-fa6a-446b-876b-d494223a1ad4', '8b7d5516-7e19-4ed0-b02f-279f4e02d1e9', 'a2000000-0000-0000-0000-000000000001', 244990.00, 264589.20, 'RUB', 1000) ON CONFLICT DO NOTHING;
INSERT INTO products (id, name, slug, category_id, unit, description) VALUES ('5ee40f58-e67e-42f1-8824-d9908d55686a', '42   Ст20', '42-20', (SELECT id FROM categories WHERE slug='truby-i-profil'), 'т', 'https://mc.ru') ON CONFLICT DO NOTHING;
INSERT INTO price_items (id, product_id, supplier_id, price_base, price_markup, currency, stock_qty) VALUES ('f47f78f1-4a48-48f1-8f48-ece6e27db449', '5ee40f58-e67e-42f1-8824-d9908d55686a', 'a2000000-0000-0000-0000-000000000001', 269990.00, 291589.20, 'RUB', 1000) ON CONFLICT DO NOTHING;
INSERT INTO products (id, name, slug, category_id, unit, description) VALUES ('6bad049e-b357-43a3-8952-4c9b9f0909ac', '28   Ст20 3,2', '28-20-3-2', (SELECT id FROM categories WHERE slug='truby-i-profil'), 'т', 'https://mc.ru') ON CONFLICT DO NOTHING;
INSERT INTO price_items (id, product_id, supplier_id, price_base, price_markup, currency, stock_qty) VALUES ('d6311b8b-3a75-4fea-b848-1f6ec978a6af', '6bad049e-b357-43a3-8952-4c9b9f0909ac', 'a2000000-0000-0000-0000-000000000001', 229990.00, 248389.20, 'RUB', 1000) ON CONFLICT DO NOTHING;
INSERT INTO products (id, name, slug, category_id, unit, description) VALUES ('d92d197c-bce6-40a2-9f9f-bf9a532f822b', '42   Ст20 3 ; 3,5; 4; 5', '42-20-3-3-5-4-5', (SELECT id FROM categories WHERE slug='truby-i-profil'), 'т', 'https://mc.ru') ON CONFLICT DO NOTHING;
INSERT INTO price_items (id, product_id, supplier_id, price_base, price_markup, currency, stock_qty) VALUES ('b947ae0f-46d5-4860-bb09-f64eb4e28ccb', 'd92d197c-bce6-40a2-9f9f-bf9a532f822b', 'a2000000-0000-0000-0000-000000000001', 209990.00, 226789.20, 'RUB', 1000) ON CONFLICT DO NOTHING;
INSERT INTO products (id, name, slug, category_id, unit, description) VALUES ('fd272a56-a2ef-4658-aa5a-63cdcf50aaca', '28   Ст20 3,5', '28-20-3-5', (SELECT id FROM categories WHERE slug='truby-i-profil'), 'т', 'https://mc.ru') ON CONFLICT DO NOTHING;
INSERT INTO price_items (id, product_id, supplier_id, price_base, price_markup, currency, stock_qty) VALUES ('63caa8af-2c94-427b-91e7-32f847f56ab3', 'fd272a56-a2ef-4658-aa5a-63cdcf50aaca', 'a2000000-0000-0000-0000-000000000001', 239990.00, 259189.20, 'RUB', 1000) ON CONFLICT DO NOTHING;
INSERT INTO products (id, name, slug, category_id, unit, description) VALUES ('9d9484fa-ee71-49db-a870-884325fa5ca4', '42   Ст20 6', '42-20-6', (SELECT id FROM categories WHERE slug='truby-i-profil'), 'т', 'https://mc.ru') ON CONFLICT DO NOTHING;
INSERT INTO price_items (id, product_id, supplier_id, price_base, price_markup, currency, stock_qty) VALUES ('d45d384b-9b07-4dc7-9a05-608bde6df9e3', '9d9484fa-ee71-49db-a870-884325fa5ca4', 'a2000000-0000-0000-0000-000000000001', 204990.00, 221389.20, 'RUB', 1000) ON CONFLICT DO NOTHING;
INSERT INTO products (id, name, slug, category_id, unit, description) VALUES ('ee8feea1-6343-45b0-b2ac-c0802da91bb3', '28   Ст20 4', '28-20-4', (SELECT id FROM categories WHERE slug='truby-i-profil'), 'т', 'https://mc.ru') ON CONFLICT DO NOTHING;
INSERT INTO price_items (id, product_id, supplier_id, price_base, price_markup, currency, stock_qty) VALUES ('deecb78a-016b-424b-bd9c-c778a07cb281', 'ee8feea1-6343-45b0-b2ac-c0802da91bb3', 'a2000000-0000-0000-0000-000000000001', 234990.00, 253789.20, 'RUB', 1000) ON CONFLICT DO NOTHING;
INSERT INTO products (id, name, slug, category_id, unit, description) VALUES ('2799a8d5-6f04-4b80-84f7-4d0fd0b43790', '42   Ст20 9', '42-20-9', (SELECT id FROM categories WHERE slug='truby-i-profil'), 'т', 'https://mc.ru') ON CONFLICT DO NOTHING;
INSERT INTO price_items (id, product_id, supplier_id, price_base, price_markup, currency, stock_qty) VALUES ('c6df1de2-d090-40e9-8cc9-cbb53262071d', '2799a8d5-6f04-4b80-84f7-4d0fd0b43790', 'a2000000-0000-0000-0000-000000000001', 209990.00, 226789.20, 'RUB', 1000) ON CONFLICT DO NOTHING;
INSERT INTO products (id, name, slug, category_id, unit, description) VALUES ('8cb80f1c-7c39-4b53-8cdb-c6248c6858ea', '28   Ст20 5 ; 6; 7', '28-20-5-6-7', (SELECT id FROM categories WHERE slug='truby-i-profil'), 'т', 'https://mc.ru') ON CONFLICT DO NOTHING;
INSERT INTO price_items (id, product_id, supplier_id, price_base, price_markup, currency, stock_qty) VALUES ('9b5c5bc3-01a4-465e-976a-922746094ed4', '8cb80f1c-7c39-4b53-8cdb-c6248c6858ea', 'a2000000-0000-0000-0000-000000000001', 229990.00, 248389.20, 'RUB', 1000) ON CONFLICT DO NOTHING;
INSERT INTO products (id, name, slug, category_id, unit, description) VALUES ('b8b89d88-ddba-4168-a0c3-aa86216757ee', '45   Ст10 3,5', '45-10-3-5', (SELECT id FROM categories WHERE slug='truby-i-profil'), 'т', 'https://mc.ru') ON CONFLICT DO NOTHING;
INSERT INTO price_items (id, product_id, supplier_id, price_base, price_markup, currency, stock_qty) VALUES ('7506bc04-9b5c-4b5d-becc-eb44d416c074', 'b8b89d88-ddba-4168-a0c3-aa86216757ee', 'a2000000-0000-0000-0000-000000000001', 209990.00, 226789.20, 'RUB', 1000) ON CONFLICT DO NOTHING;
INSERT INTO products (id, name, slug, category_id, unit, description) VALUES ('104a3b27-1ea7-4697-8a7d-ce319908246f', '30   Ст10 2', '30-10-2', (SELECT id FROM categories WHERE slug='truby-i-profil'), 'т', 'https://mc.ru') ON CONFLICT DO NOTHING;
INSERT INTO price_items (id, product_id, supplier_id, price_base, price_markup, currency, stock_qty) VALUES ('fb7569cd-b27f-419c-9d9e-69158125ce2a', '104a3b27-1ea7-4697-8a7d-ce319908246f', 'a2000000-0000-0000-0000-000000000001', 309990.00, 334789.20, 'RUB', 1000) ON CONFLICT DO NOTHING;
INSERT INTO products (id, name, slug, category_id, unit, description) VALUES ('0663cec0-599b-452b-9be3-1242664cd90b', '45   Ст10', '45-10', (SELECT id FROM categories WHERE slug='truby-i-profil'), 'т', 'https://mc.ru') ON CONFLICT DO NOTHING;
INSERT INTO price_items (id, product_id, supplier_id, price_base, price_markup, currency, stock_qty) VALUES ('e8d8c0ab-b5ad-4c47-bfda-21c2826a6159', '0663cec0-599b-452b-9be3-1242664cd90b', 'a2000000-0000-0000-0000-000000000001', 205990.00, 222469.20, 'RUB', 1000) ON CONFLICT DO NOTHING;
INSERT INTO products (id, name, slug, category_id, unit, description) VALUES ('79d74ec4-ef76-4d25-b6e9-ea870411c142', '30   Ст10', '30-10', (SELECT id FROM categories WHERE slug='truby-i-profil'), 'т', 'https://mc.ru') ON CONFLICT DO NOTHING;
INSERT INTO price_items (id, product_id, supplier_id, price_base, price_markup, currency, stock_qty) VALUES ('f26e8216-7fda-4d9c-9bbc-e26fc85bb394', '79d74ec4-ef76-4d25-b6e9-ea870411c142', 'a2000000-0000-0000-0000-000000000001', 239990.00, 259189.20, 'RUB', 1000) ON CONFLICT DO NOTHING;
INSERT INTO products (id, name, slug, category_id, unit, description) VALUES ('44a02f0b-3eb7-4514-a7eb-3581428d0532', '45   Ст20', '45-20', (SELECT id FROM categories WHERE slug='truby-i-profil'), 'т', 'https://mc.ru') ON CONFLICT DO NOTHING;
INSERT INTO price_items (id, product_id, supplier_id, price_base, price_markup, currency, stock_qty) VALUES ('d05439b4-000d-49a3-a887-a81c32798425', '44a02f0b-3eb7-4514-a7eb-3581428d0532', 'a2000000-0000-0000-0000-000000000001', 269990.00, 291589.20, 'RUB', 1000) ON CONFLICT DO NOTHING;
INSERT INTO products (id, name, slug, category_id, unit, description) VALUES ('a5c6ac8b-95dc-4ef3-82a8-562472020176', '30   Ст10 3,5', '30-10-3-5', (SELECT id FROM categories WHERE slug='truby-i-profil'), 'т', 'https://mc.ru') ON CONFLICT DO NOTHING;
INSERT INTO price_items (id, product_id, supplier_id, price_base, price_markup, currency, stock_qty) VALUES ('8e9ef2a8-6778-4651-b394-c96a9a7a98e8', 'a5c6ac8b-95dc-4ef3-82a8-562472020176', 'a2000000-0000-0000-0000-000000000001', 229990.00, 248389.20, 'RUB', 1000) ON CONFLICT DO NOTHING;
INSERT INTO products (id, name, slug, category_id, unit, description) VALUES ('87199bf7-379b-468d-85db-b2b549358569', '45   Ст20 2,5', '45-20-2-5', (SELECT id FROM categories WHERE slug='truby-i-profil'), 'т', 'https://mc.ru') ON CONFLICT DO NOTHING;
INSERT INTO price_items (id, product_id, supplier_id, price_base, price_markup, currency, stock_qty) VALUES ('49f6e647-7c73-4efd-99eb-9a92cd489795', '87199bf7-379b-468d-85db-b2b549358569', 'a2000000-0000-0000-0000-000000000001', 219990.00, 237589.20, 'RUB', 1000) ON CONFLICT DO NOTHING;
INSERT INTO products (id, name, slug, category_id, unit, description) VALUES ('7ae3a406-8403-4a37-bd56-6df2b5ade02c', '30   Ст20 1,5 ; 2', '30-20-1-5-2', (SELECT id FROM categories WHERE slug='truby-i-profil'), 'т', 'https://mc.ru') ON CONFLICT DO NOTHING;
INSERT INTO price_items (id, product_id, supplier_id, price_base, price_markup, currency, stock_qty) VALUES ('e66f2e69-2635-4acb-8670-9b602d2de10c', '7ae3a406-8403-4a37-bd56-6df2b5ade02c', 'a2000000-0000-0000-0000-000000000001', 309990.00, 334789.20, 'RUB', 1000) ON CONFLICT DO NOTHING;
INSERT INTO products (id, name, slug, category_id, unit, description) VALUES ('40c22372-9357-4519-a3d1-2412eac2b9cc', '45   Ст20 3 ; 3,5', '45-20-3-3-5', (SELECT id FROM categories WHERE slug='truby-i-profil'), 'т', 'https://mc.ru') ON CONFLICT DO NOTHING;
INSERT INTO price_items (id, product_id, supplier_id, price_base, price_markup, currency, stock_qty) VALUES ('90087010-16f2-420f-a838-829ddec23b3c', '40c22372-9357-4519-a3d1-2412eac2b9cc', 'a2000000-0000-0000-0000-000000000001', 209990.00, 226789.20, 'RUB', 1000) ON CONFLICT DO NOTHING;
INSERT INTO products (id, name, slug, category_id, unit, description) VALUES ('d5710587-6e54-433d-aead-b8f6c27cd849', '30   Ст20 2,5', '30-20-2-5', (SELECT id FROM categories WHERE slug='truby-i-profil'), 'т', 'https://mc.ru') ON CONFLICT DO NOTHING;
INSERT INTO price_items (id, product_id, supplier_id, price_base, price_markup, currency, stock_qty) VALUES ('fa561e24-711f-434f-a5b2-021c66a863ae', 'd5710587-6e54-433d-aead-b8f6c27cd849', 'a2000000-0000-0000-0000-000000000001', 259990.00, 280789.20, 'RUB', 1000) ON CONFLICT DO NOTHING;
INSERT INTO products (id, name, slug, category_id, unit, description) VALUES ('764fb4b1-becb-4d8f-aa1a-34590b38117e', '45   Ст20 4 ; 5; 6', '45-20-4-5-6', (SELECT id FROM categories WHERE slug='truby-i-profil'), 'т', 'https://mc.ru') ON CONFLICT DO NOTHING;
INSERT INTO price_items (id, product_id, supplier_id, price_base, price_markup, currency, stock_qty) VALUES ('a04dd262-9fca-4e57-befc-79f8922c78ed', '764fb4b1-becb-4d8f-aa1a-34590b38117e', 'a2000000-0000-0000-0000-000000000001', 205990.00, 222469.20, 'RUB', 1000) ON CONFLICT DO NOTHING;
INSERT INTO products (id, name, slug, category_id, unit, description) VALUES ('29050fb4-eab7-42e7-9f01-19975c5027e9', '30   Ст20', '30-20', (SELECT id FROM categories WHERE slug='truby-i-profil'), 'т', 'https://mc.ru') ON CONFLICT DO NOTHING;
INSERT INTO price_items (id, product_id, supplier_id, price_base, price_markup, currency, stock_qty) VALUES ('7acac400-99d8-49f6-992f-a50bff915eab', '29050fb4-eab7-42e7-9f01-19975c5027e9', 'a2000000-0000-0000-0000-000000000001', 239990.00, 259189.20, 'RUB', 1000) ON CONFLICT DO NOTHING;
INSERT INTO products (id, name, slug, category_id, unit, description) VALUES ('82c6c49d-5feb-4d86-a8c3-533e7f7649ba', '45   Ст20 10', '45-20-10', (SELECT id FROM categories WHERE slug='truby-i-profil'), 'т', 'https://mc.ru') ON CONFLICT DO NOTHING;
INSERT INTO price_items (id, product_id, supplier_id, price_base, price_markup, currency, stock_qty) VALUES ('45c1f9b3-042f-4384-bfea-4956e86375c6', '82c6c49d-5feb-4d86-a8c3-533e7f7649ba', 'a2000000-0000-0000-0000-000000000001', 219990.00, 237589.20, 'RUB', 1000) ON CONFLICT DO NOTHING;
INSERT INTO products (id, name, slug, category_id, unit, description) VALUES ('f7ecccf4-769a-4a4f-9ff5-29c08daa1098', '30   Ст20 3,5 ; 4', '30-20-3-5-4', (SELECT id FROM categories WHERE slug='truby-i-profil'), 'т', 'https://mc.ru') ON CONFLICT DO NOTHING;
INSERT INTO price_items (id, product_id, supplier_id, price_base, price_markup, currency, stock_qty) VALUES ('3a23d53b-7c83-4249-80bb-352ff1fdaa45', 'f7ecccf4-769a-4a4f-9ff5-29c08daa1098', 'a2000000-0000-0000-0000-000000000001', 229990.00, 248389.20, 'RUB', 1000) ON CONFLICT DO NOTHING;
INSERT INTO products (id, name, slug, category_id, unit, description) VALUES ('76539600-3db4-4fd6-a93c-7fd5e2589c53', '48   Ст10 2', '48-10-2', (SELECT id FROM categories WHERE slug='truby-i-profil'), 'т', 'https://mc.ru') ON CONFLICT DO NOTHING;
INSERT INTO price_items (id, product_id, supplier_id, price_base, price_markup, currency, stock_qty) VALUES ('c41ff369-dd20-4309-b6c9-1ddc49a72c5d', '76539600-3db4-4fd6-a93c-7fd5e2589c53', 'a2000000-0000-0000-0000-000000000001', 259990.00, 280789.20, 'RUB', 1000) ON CONFLICT DO NOTHING;
INSERT INTO products (id, name, slug, category_id, unit, description) VALUES ('273ee161-574c-4a47-a7a7-d9b5cc2fe149', '30   Ст20 6', '30-20-6', (SELECT id FROM categories WHERE slug='truby-i-profil'), 'т', 'https://mc.ru') ON CONFLICT DO NOTHING;
INSERT INTO price_items (id, product_id, supplier_id, price_base, price_markup, currency, stock_qty) VALUES ('a1fb7552-177d-4075-9d5e-61114eaeac98', '273ee161-574c-4a47-a7a7-d9b5cc2fe149', 'a2000000-0000-0000-0000-000000000001', 219990.00, 237589.20, 'RUB', 1000) ON CONFLICT DO NOTHING;
INSERT INTO products (id, name, slug, category_id, unit, description) VALUES ('f7966e9b-ac79-43cd-8207-09f52443e0ce', '48   Ст10 3,5', '48-10-3-5', (SELECT id FROM categories WHERE slug='truby-i-profil'), 'т', 'https://mc.ru') ON CONFLICT DO NOTHING;
INSERT INTO price_items (id, product_id, supplier_id, price_base, price_markup, currency, stock_qty) VALUES ('7e754983-53e1-4461-86f7-9abc4015b4cd', 'f7966e9b-ac79-43cd-8207-09f52443e0ce', 'a2000000-0000-0000-0000-000000000001', 209990.00, 226789.20, 'RUB', 1000) ON CONFLICT DO NOTHING;
INSERT INTO products (id, name, slug, category_id, unit, description) VALUES ('17d09e22-3199-42d9-8d10-11c10614b413', '30   Ст20 8', '30-20-8', (SELECT id FROM categories WHERE slug='truby-i-profil'), 'т', 'https://mc.ru') ON CONFLICT DO NOTHING;
INSERT INTO price_items (id, product_id, supplier_id, price_base, price_markup, currency, stock_qty) VALUES ('8c340e0a-68f5-4e64-857e-8ba7be317a74', '17d09e22-3199-42d9-8d10-11c10614b413', 'a2000000-0000-0000-0000-000000000001', 229990.00, 248389.20, 'RUB', 1000) ON CONFLICT DO NOTHING;
INSERT INTO products (id, name, slug, category_id, unit, description) VALUES ('ba08d66f-aa12-485c-9b5d-11cf9c92df4b', '48   Ст10', '48-10', (SELECT id FROM categories WHERE slug='truby-i-profil'), 'т', 'https://mc.ru') ON CONFLICT DO NOTHING;
INSERT INTO price_items (id, product_id, supplier_id, price_base, price_markup, currency, stock_qty) VALUES ('16de2237-3529-4bd4-adf9-5c724aae57bf', 'ba08d66f-aa12-485c-9b5d-11cf9c92df4b', 'a2000000-0000-0000-0000-000000000001', 214990.00, 232189.20, 'RUB', 1000) ON CONFLICT DO NOTHING;
INSERT INTO products (id, name, slug, category_id, unit, description) VALUES ('bb5c9665-0437-4d0b-bac8-2796b75a8fc4', '32   Ст10', '32-10', (SELECT id FROM categories WHERE slug='truby-i-profil'), 'т', 'https://mc.ru') ON CONFLICT DO NOTHING;
INSERT INTO price_items (id, product_id, supplier_id, price_base, price_markup, currency, stock_qty) VALUES ('3b7178db-6001-46cf-9195-faab9aa9e31d', 'bb5c9665-0437-4d0b-bac8-2796b75a8fc4', 'a2000000-0000-0000-0000-000000000001', 289990.00, 313189.20, 'RUB', 1000) ON CONFLICT DO NOTHING;
INSERT INTO products (id, name, slug, category_id, unit, description) VALUES ('cba97cd3-252c-4e4c-989d-cf1017a3a6c8', '48   Ст20', '48-20', (SELECT id FROM categories WHERE slug='truby-i-profil'), 'т', 'https://mc.ru') ON CONFLICT DO NOTHING;
INSERT INTO price_items (id, product_id, supplier_id, price_base, price_markup, currency, stock_qty) VALUES ('b5474ea5-7480-4d71-b559-12419484322e', 'cba97cd3-252c-4e4c-989d-cf1017a3a6c8', 'a2000000-0000-0000-0000-000000000001', 259990.00, 280789.20, 'RUB', 1000) ON CONFLICT DO NOTHING;
INSERT INTO products (id, name, slug, category_id, unit, description) VALUES ('a3d0cb4b-194b-44fa-933a-d76cdfca525a', '32   Ст20 1,5', '32-20-1-5', (SELECT id FROM categories WHERE slug='truby-i-profil'), 'т', 'https://mc.ru') ON CONFLICT DO NOTHING;
INSERT INTO price_items (id, product_id, supplier_id, price_base, price_markup, currency, stock_qty) VALUES ('5732895b-2572-4393-a17a-f2757796d41e', 'a3d0cb4b-194b-44fa-933a-d76cdfca525a', 'a2000000-0000-0000-0000-000000000001', 309990.00, 334789.20, 'RUB', 1000) ON CONFLICT DO NOTHING;
INSERT INTO products (id, name, slug, category_id, unit, description) VALUES ('6c3221e3-7490-45c9-8cb4-5b8966f115f7', '48   Ст20 2,5', '48-20-2-5', (SELECT id FROM categories WHERE slug='truby-i-profil'), 'т', 'https://mc.ru') ON CONFLICT DO NOTHING;
INSERT INTO price_items (id, product_id, supplier_id, price_base, price_markup, currency, stock_qty) VALUES ('2cde7df2-c9ec-40ab-9cf7-f34438982f54', '6c3221e3-7490-45c9-8cb4-5b8966f115f7', 'a2000000-0000-0000-0000-000000000001', 219990.00, 237589.20, 'RUB', 1000) ON CONFLICT DO NOTHING;
INSERT INTO products (id, name, slug, category_id, unit, description) VALUES ('a87ecb92-1064-4bc3-be2f-945c9ed87606', '32   Ст20', '32-20', (SELECT id FROM categories WHERE slug='truby-i-profil'), 'т', 'https://mc.ru') ON CONFLICT DO NOTHING;
INSERT INTO price_items (id, product_id, supplier_id, price_base, price_markup, currency, stock_qty) VALUES ('65f80a34-d9a4-49e2-901a-2d93622d0d70', 'a87ecb92-1064-4bc3-be2f-945c9ed87606', 'a2000000-0000-0000-0000-000000000001', 289990.00, 313189.20, 'RUB', 1000) ON CONFLICT DO NOTHING;
INSERT INTO products (id, name, slug, category_id, unit, description) VALUES ('0a6de303-67bc-466f-818a-61798e9e7154', '48   Ст20 3,5', '48-20-3-5', (SELECT id FROM categories WHERE slug='truby-i-profil'), 'т', 'https://mc.ru') ON CONFLICT DO NOTHING;
INSERT INTO price_items (id, product_id, supplier_id, price_base, price_markup, currency, stock_qty) VALUES ('3c44f65f-6b56-46e9-82c4-46b526605959', '0a6de303-67bc-466f-818a-61798e9e7154', 'a2000000-0000-0000-0000-000000000001', 209990.00, 226789.20, 'RUB', 1000) ON CONFLICT DO NOTHING;
INSERT INTO products (id, name, slug, category_id, unit, description) VALUES ('756a5d35-a351-45fd-8982-e57abf837bb7', '32   Ст20 2,5', '32-20-2-5', (SELECT id FROM categories WHERE slug='truby-i-profil'), 'т', 'https://mc.ru') ON CONFLICT DO NOTHING;
INSERT INTO price_items (id, product_id, supplier_id, price_base, price_markup, currency, stock_qty) VALUES ('53c4819e-a237-457e-b22d-28c33dfb8d54', '756a5d35-a351-45fd-8982-e57abf837bb7', 'a2000000-0000-0000-0000-000000000001', 249990.00, 269989.20, 'RUB', 1000) ON CONFLICT DO NOTHING;
INSERT INTO products (id, name, slug, category_id, unit, description) VALUES ('6e91f9c0-5b64-4d27-960e-fe4e15d25c83', '32   Ст20 3,5', '32-20-3-5', (SELECT id FROM categories WHERE slug='truby-i-profil'), 'т', 'https://mc.ru') ON CONFLICT DO NOTHING;
INSERT INTO price_items (id, product_id, supplier_id, price_base, price_markup, currency, stock_qty) VALUES ('3b7b6a06-f37a-46df-aea9-5781e86e7093', '6e91f9c0-5b64-4d27-960e-fe4e15d25c83', 'a2000000-0000-0000-0000-000000000001', 229990.00, 248389.20, 'RUB', 1000) ON CONFLICT DO NOTHING;
INSERT INTO products (id, name, slug, category_id, unit, description) VALUES ('823b921f-e317-4129-8daa-297e41fe5b1d', '48   Ст20 4,5', '48-20-4-5', (SELECT id FROM categories WHERE slug='truby-i-profil'), 'т', 'https://mc.ru') ON CONFLICT DO NOTHING;
INSERT INTO price_items (id, product_id, supplier_id, price_base, price_markup, currency, stock_qty) VALUES ('819b7329-aad0-4694-a9c0-28f3b5c3921e', '823b921f-e317-4129-8daa-297e41fe5b1d', 'a2000000-0000-0000-0000-000000000001', 189990.00, 205189.20, 'RUB', 1000) ON CONFLICT DO NOTHING;
INSERT INTO products (id, name, slug, category_id, unit, description) VALUES ('986d6f58-4e55-4de8-8535-aff99f40c920', '32   Ст20 6 ; 7', '32-20-6-7', (SELECT id FROM categories WHERE slug='truby-i-profil'), 'т', 'https://mc.ru') ON CONFLICT DO NOTHING;
INSERT INTO price_items (id, product_id, supplier_id, price_base, price_markup, currency, stock_qty) VALUES ('6f8a0993-5ea2-4a81-ba91-d095a4720c76', '986d6f58-4e55-4de8-8535-aff99f40c920', 'a2000000-0000-0000-0000-000000000001', 219990.00, 237589.20, 'RUB', 1000) ON CONFLICT DO NOTHING;
INSERT INTO products (id, name, slug, category_id, unit, description) VALUES ('cc2fc77f-13e4-4eba-b7e5-5cb688fc77a9', '48   Ст20 5', '48-20-5', (SELECT id FROM categories WHERE slug='truby-i-profil'), 'т', 'https://mc.ru') ON CONFLICT DO NOTHING;
INSERT INTO price_items (id, product_id, supplier_id, price_base, price_markup, currency, stock_qty) VALUES ('4d674632-a46b-4ce8-aa17-38c2165dfbca', 'cc2fc77f-13e4-4eba-b7e5-5cb688fc77a9', 'a2000000-0000-0000-0000-000000000001', 205990.00, 222469.20, 'RUB', 1000) ON CONFLICT DO NOTHING;
INSERT INTO products (id, name, slug, category_id, unit, description) VALUES ('46d87482-1673-44ac-a1a9-be3955fb3995', '34   Ст20', '34-20', (SELECT id FROM categories WHERE slug='truby-i-profil'), 'т', 'https://mc.ru') ON CONFLICT DO NOTHING;
INSERT INTO price_items (id, product_id, supplier_id, price_base, price_markup, currency, stock_qty) VALUES ('83b138dd-8d26-422a-8bcb-eb7d35ae4bfa', '46d87482-1673-44ac-a1a9-be3955fb3995', 'a2000000-0000-0000-0000-000000000001', 289990.00, 313189.20, 'RUB', 1000) ON CONFLICT DO NOTHING;
INSERT INTO products (id, name, slug, category_id, unit, description) VALUES ('31eae087-cc79-4825-a968-bb59df612967', '48   Ст20 6 ; 7', '48-20-6-7', (SELECT id FROM categories WHERE slug='truby-i-profil'), 'т', 'https://mc.ru') ON CONFLICT DO NOTHING;
INSERT INTO price_items (id, product_id, supplier_id, price_base, price_markup, currency, stock_qty) VALUES ('ba611aef-788a-4afe-8def-fb37ad500372', '31eae087-cc79-4825-a968-bb59df612967', 'a2000000-0000-0000-0000-000000000001', 199990.00, 215989.20, 'RUB', 1000) ON CONFLICT DO NOTHING;
INSERT INTO products (id, name, slug, category_id, unit, description) VALUES ('41cd1ada-1ad4-4110-b1f4-7a01217aec3a', '34   Ст20 3 ; 3,5', '34-20-3-3-5', (SELECT id FROM categories WHERE slug='truby-i-profil'), 'т', 'https://mc.ru') ON CONFLICT DO NOTHING;
INSERT INTO price_items (id, product_id, supplier_id, price_base, price_markup, currency, stock_qty) VALUES ('225942e3-477b-4b74-a006-e816ec30e87a', '41cd1ada-1ad4-4110-b1f4-7a01217aec3a', 'a2000000-0000-0000-0000-000000000001', 229990.00, 248389.20, 'RUB', 1000) ON CONFLICT DO NOTHING;
INSERT INTO products (id, name, slug, category_id, unit, description) VALUES ('b2af28b7-9095-41dc-ba3e-f8535e763790', '48   Ст20 10', '48-20-10', (SELECT id FROM categories WHERE slug='truby-i-profil'), 'т', 'https://mc.ru') ON CONFLICT DO NOTHING;
INSERT INTO price_items (id, product_id, supplier_id, price_base, price_markup, currency, stock_qty) VALUES ('d5c428d4-ec79-4ef6-911b-2c0ae7bfd867', 'b2af28b7-9095-41dc-ba3e-f8535e763790', 'a2000000-0000-0000-0000-000000000001', 214990.00, 232189.20, 'RUB', 1000) ON CONFLICT DO NOTHING;
INSERT INTO products (id, name, slug, category_id, unit, description) VALUES ('b2df4c6b-dc58-45df-b183-4ef4c2c6845f', '34   Ст20 6', '34-20-6', (SELECT id FROM categories WHERE slug='truby-i-profil'), 'т', 'https://mc.ru') ON CONFLICT DO NOTHING;
INSERT INTO price_items (id, product_id, supplier_id, price_base, price_markup, currency, stock_qty) VALUES ('7ef69b91-35dc-4643-ab99-dd8418a70206', 'b2df4c6b-dc58-45df-b183-4ef4c2c6845f', 'a2000000-0000-0000-0000-000000000001', 214990.00, 232189.20, 'RUB', 1000) ON CONFLICT DO NOTHING;
INSERT INTO products (id, name, slug, category_id, unit, description) VALUES ('52e1aaaa-cc44-49dc-9cef-b1b2bd9ae616', '50   Ст10 6', '50-10-6', (SELECT id FROM categories WHERE slug='truby-i-profil'), 'т', 'https://mc.ru') ON CONFLICT DO NOTHING;
INSERT INTO price_items (id, product_id, supplier_id, price_base, price_markup, currency, stock_qty) VALUES ('b69bdea3-2b48-4c39-82be-60bc6ff5facb', '52e1aaaa-cc44-49dc-9cef-b1b2bd9ae616', 'a2000000-0000-0000-0000-000000000001', 204990.00, 221389.20, 'RUB', 1000) ON CONFLICT DO NOTHING;
INSERT INTO products (id, name, slug, category_id, unit, description) VALUES ('33f227f4-819d-4610-a594-182488c754c4', '34   Ст20 8', '34-20-8', (SELECT id FROM categories WHERE slug='truby-i-profil'), 'т', 'https://mc.ru') ON CONFLICT DO NOTHING;
INSERT INTO price_items (id, product_id, supplier_id, price_base, price_markup, currency, stock_qty) VALUES ('6cb0c83a-1161-432c-b67a-df68dbfdf6ec', '33f227f4-819d-4610-a594-182488c754c4', 'a2000000-0000-0000-0000-000000000001', 219990.00, 237589.20, 'RUB', 1000) ON CONFLICT DO NOTHING;
INSERT INTO products (id, name, slug, category_id, unit, description) VALUES ('c8d43bfe-e54f-46f6-b97f-e7998005c451', '50   Ст10 8', '50-10-8', (SELECT id FROM categories WHERE slug='truby-i-profil'), 'т', 'https://mc.ru') ON CONFLICT DO NOTHING;
INSERT INTO price_items (id, product_id, supplier_id, price_base, price_markup, currency, stock_qty) VALUES ('0c75bb07-d539-4db2-92f0-d3ab01d7af8c', 'c8d43bfe-e54f-46f6-b97f-e7998005c451', 'a2000000-0000-0000-0000-000000000001', 209990.00, 226789.20, 'RUB', 1000) ON CONFLICT DO NOTHING;
INSERT INTO products (id, name, slug, category_id, unit, description) VALUES ('2a3d4a62-f1a5-4a52-b364-71cf859c3b0f', '35   Ст10 2', '35-10-2', (SELECT id FROM categories WHERE slug='truby-i-profil'), 'т', 'https://mc.ru') ON CONFLICT DO NOTHING;
INSERT INTO price_items (id, product_id, supplier_id, price_base, price_markup, currency, stock_qty) VALUES ('03dafaa3-c2cf-4487-873e-ca2bc6f18611', '2a3d4a62-f1a5-4a52-b364-71cf859c3b0f', 'a2000000-0000-0000-0000-000000000001', 279990.00, 302389.20, 'RUB', 1000) ON CONFLICT DO NOTHING;
INSERT INTO products (id, name, slug, category_id, unit, description) VALUES ('f3fc3a86-3843-4a50-9452-e9cbcca573f8', '50   Ст20 3,5 ; 4; 5; 6', '50-20-3-5-4-5-6', (SELECT id FROM categories WHERE slug='truby-i-profil'), 'т', 'https://mc.ru') ON CONFLICT DO NOTHING;
INSERT INTO price_items (id, product_id, supplier_id, price_base, price_markup, currency, stock_qty) VALUES ('2917ccb1-82a3-4e87-b53d-3ec22132ac6b', 'f3fc3a86-3843-4a50-9452-e9cbcca573f8', 'a2000000-0000-0000-0000-000000000001', 204990.00, 221389.20, 'RUB', 1000) ON CONFLICT DO NOTHING;
INSERT INTO products (id, name, slug, category_id, unit, description) VALUES ('7561547a-fbc7-40cd-ad68-cd576af9a1a8', '35   Ст10 3,5', '35-10-3-5', (SELECT id FROM categories WHERE slug='truby-i-profil'), 'т', 'https://mc.ru') ON CONFLICT DO NOTHING;
INSERT INTO price_items (id, product_id, supplier_id, price_base, price_markup, currency, stock_qty) VALUES ('abc43cd0-8178-4cc8-965b-76941e2ec110', '7561547a-fbc7-40cd-ad68-cd576af9a1a8', 'a2000000-0000-0000-0000-000000000001', 224990.00, 242989.20, 'RUB', 1000) ON CONFLICT DO NOTHING;
INSERT INTO products (id, name, slug, category_id, unit, description) VALUES ('4c23754f-c37f-47e6-aacc-8c6497f4c178', '50   Ст20 7 ; 8', '50-20-7-8', (SELECT id FROM categories WHERE slug='truby-i-profil'), 'т', 'https://mc.ru') ON CONFLICT DO NOTHING;
INSERT INTO price_items (id, product_id, supplier_id, price_base, price_markup, currency, stock_qty) VALUES ('0229c6de-17bb-4ec7-915b-9b0227307687', '4c23754f-c37f-47e6-aacc-8c6497f4c178', 'a2000000-0000-0000-0000-000000000001', 209990.00, 226789.20, 'RUB', 1000) ON CONFLICT DO NOTHING;
INSERT INTO products (id, name, slug, category_id, unit, description) VALUES ('e9d32d44-d316-46a7-874d-62bbff304108', '35   Ст20', '35-20', (SELECT id FROM categories WHERE slug='truby-i-profil'), 'т', 'https://mc.ru') ON CONFLICT DO NOTHING;
INSERT INTO price_items (id, product_id, supplier_id, price_base, price_markup, currency, stock_qty) VALUES ('d9220f3e-3068-469f-883b-4df3142230e2', 'e9d32d44-d316-46a7-874d-62bbff304108', 'a2000000-0000-0000-0000-000000000001', 279990.00, 302389.20, 'RUB', 1000) ON CONFLICT DO NOTHING;
INSERT INTO products (id, name, slug, category_id, unit, description) VALUES ('01a0e9e8-03d6-4fff-a342-ac07df66c415', '50   Ст20 10', '50-20-10', (SELECT id FROM categories WHERE slug='truby-i-profil'), 'т', 'https://mc.ru') ON CONFLICT DO NOTHING;
INSERT INTO price_items (id, product_id, supplier_id, price_base, price_markup, currency, stock_qty) VALUES ('06445637-4aef-4057-8ffa-a4c62b8db308', '01a0e9e8-03d6-4fff-a342-ac07df66c415', 'a2000000-0000-0000-0000-000000000001', 219990.00, 237589.20, 'RUB', 1000) ON CONFLICT DO NOTHING;
INSERT INTO products (id, name, slug, category_id, unit, description) VALUES ('b983461d-78f3-456d-9f7c-f428584002a8', '35   Ст20 2,5', '35-20-2-5', (SELECT id FROM categories WHERE slug='truby-i-profil'), 'т', 'https://mc.ru') ON CONFLICT DO NOTHING;
INSERT INTO price_items (id, product_id, supplier_id, price_base, price_markup, currency, stock_qty) VALUES ('38909342-7c77-45d7-9b59-255c3423e7a6', 'b983461d-78f3-456d-9f7c-f428584002a8', 'a2000000-0000-0000-0000-000000000001', 239990.00, 259189.20, 'RUB', 1000) ON CONFLICT DO NOTHING;
INSERT INTO products (id, name, slug, category_id, unit, description) VALUES ('11c38126-3fe8-4bcc-a7b6-6e92d5ef0dfb', '50   Ст20 12', '50-20-12', (SELECT id FROM categories WHERE slug='truby-i-profil'), 'т', 'https://mc.ru') ON CONFLICT DO NOTHING;
INSERT INTO price_items (id, product_id, supplier_id, price_base, price_markup, currency, stock_qty) VALUES ('07043e86-1b00-4864-b414-808fba24e7cc', '11c38126-3fe8-4bcc-a7b6-6e92d5ef0dfb', 'a2000000-0000-0000-0000-000000000001', 259990.00, 280789.20, 'RUB', 1000) ON CONFLICT DO NOTHING;
INSERT INTO products (id, name, slug, category_id, unit, description) VALUES ('a5c743be-64c4-47fc-abd3-27032d2f45db', '51   Ст20 2,5 ; 3', '51-20-2-5-3', (SELECT id FROM categories WHERE slug='truby-i-profil'), 'т', 'https://mc.ru') ON CONFLICT DO NOTHING;
INSERT INTO price_items (id, product_id, supplier_id, price_base, price_markup, currency, stock_qty) VALUES ('78bc4eca-9bbf-4607-9936-2039e766731e', 'a5c743be-64c4-47fc-abd3-27032d2f45db', 'a2000000-0000-0000-0000-000000000001', 209990.00, 226789.20, 'RUB', 1000) ON CONFLICT DO NOTHING;
INSERT INTO products (id, name, slug, category_id, unit, description) VALUES ('1039ade5-3bd4-4163-a15c-9b073b755d3a', '35   Ст20 4 ; 6; 8', '35-20-4-6-8', (SELECT id FROM categories WHERE slug='truby-i-profil'), 'т', 'https://mc.ru') ON CONFLICT DO NOTHING;
INSERT INTO price_items (id, product_id, supplier_id, price_base, price_markup, currency, stock_qty) VALUES ('ff05e1c3-b941-405a-b7bc-1cbb2ae2556e', '1039ade5-3bd4-4163-a15c-9b073b755d3a', 'a2000000-0000-0000-0000-000000000001', 219990.00, 237589.20, 'RUB', 1000) ON CONFLICT DO NOTHING;
INSERT INTO products (id, name, slug, category_id, unit, description) VALUES ('9df4df64-21cd-40e3-985d-1624d4ebc316', '51   Ст20 3,5', '51-20-3-5', (SELECT id FROM categories WHERE slug='truby-i-profil'), 'т', 'https://mc.ru') ON CONFLICT DO NOTHING;
INSERT INTO price_items (id, product_id, supplier_id, price_base, price_markup, currency, stock_qty) VALUES ('18b3f593-8591-40a7-b18e-db982fb1992b', '9df4df64-21cd-40e3-985d-1624d4ebc316', 'a2000000-0000-0000-0000-000000000001', 204990.00, 221389.20, 'RUB', 1000) ON CONFLICT DO NOTHING;
INSERT INTO products (id, name, slug, category_id, unit, description) VALUES ('c4cea9ce-b929-45d6-a11c-1f87d4fc9002', '36   Ст10', '36-10', (SELECT id FROM categories WHERE slug='truby-i-profil'), 'т', 'https://mc.ru') ON CONFLICT DO NOTHING;
INSERT INTO price_items (id, product_id, supplier_id, price_base, price_markup, currency, stock_qty) VALUES ('64afb275-ef20-4418-b031-d6477255d6f9', 'c4cea9ce-b929-45d6-a11c-1f87d4fc9002', 'a2000000-0000-0000-0000-000000000001', 229990.00, 248389.20, 'RUB', 1000) ON CONFLICT DO NOTHING;
INSERT INTO products (id, name, slug, category_id, unit, description) VALUES ('0c0a2380-b9cd-4fdb-8538-85888b7a22f8', '51   Ст20 4 ; 6', '51-20-4-6', (SELECT id FROM categories WHERE slug='truby-i-profil'), 'т', 'https://mc.ru') ON CONFLICT DO NOTHING;
INSERT INTO price_items (id, product_id, supplier_id, price_base, price_markup, currency, stock_qty) VALUES ('d8801ada-4bff-48d5-a5f1-989463c487e2', '0c0a2380-b9cd-4fdb-8538-85888b7a22f8', 'a2000000-0000-0000-0000-000000000001', 209990.00, 226789.20, 'RUB', 1000) ON CONFLICT DO NOTHING;
INSERT INTO products (id, name, slug, category_id, unit, description) VALUES ('8acae05c-3498-4bb2-8889-c121b0602def', '36   Ст20', '36-20', (SELECT id FROM categories WHERE slug='truby-i-profil'), 'т', 'https://mc.ru') ON CONFLICT DO NOTHING;
INSERT INTO price_items (id, product_id, supplier_id, price_base, price_markup, currency, stock_qty) VALUES ('e2943de2-40ac-4d7b-b143-c07611ff5fc3', '8acae05c-3498-4bb2-8889-c121b0602def', 'a2000000-0000-0000-0000-000000000001', 279990.00, 302389.20, 'RUB', 1000) ON CONFLICT DO NOTHING;
INSERT INTO products (id, name, slug, category_id, unit, description) VALUES ('5b5bb160-c1ee-4349-92bd-2eaee5d90042', '53   Ст10 4', '53-10-4', (SELECT id FROM categories WHERE slug='truby-i-profil'), 'т', 'https://mc.ru') ON CONFLICT DO NOTHING;
INSERT INTO price_items (id, product_id, supplier_id, price_base, price_markup, currency, stock_qty) VALUES ('996267fc-495f-4c6a-a54e-9cabfdbb4627', '5b5bb160-c1ee-4349-92bd-2eaee5d90042', 'a2000000-0000-0000-0000-000000000001', 209990.00, 226789.20, 'RUB', 1000) ON CONFLICT DO NOTHING;
INSERT INTO products (id, name, slug, category_id, unit, description) VALUES ('76409761-47a3-412e-a344-7728770599fd', '53   Ст20 4 ; 5; 6; 8; 10', '53-20-4-5-6-8-10', (SELECT id FROM categories WHERE slug='truby-i-profil'), 'т', 'https://mc.ru') ON CONFLICT DO NOTHING;
INSERT INTO price_items (id, product_id, supplier_id, price_base, price_markup, currency, stock_qty) VALUES ('dcba64c7-9e8b-4e03-b1e1-dd5f563b4d58', '76409761-47a3-412e-a344-7728770599fd', 'a2000000-0000-0000-0000-000000000001', 209990.00, 226789.20, 'RUB', 1000) ON CONFLICT DO NOTHING;
INSERT INTO products (id, name, slug, category_id, unit, description) VALUES ('b5561f17-6b0c-4d4e-89d2-a0585d1495c7', '36   Ст20 5', '36-20-5', (SELECT id FROM categories WHERE slug='truby-i-profil'), 'т', 'https://mc.ru') ON CONFLICT DO NOTHING;
INSERT INTO price_items (id, product_id, supplier_id, price_base, price_markup, currency, stock_qty) VALUES ('08f25cc0-ab73-4ef3-962c-db38a65ae99f', 'b5561f17-6b0c-4d4e-89d2-a0585d1495c7', 'a2000000-0000-0000-0000-000000000001', 209990.00, 226789.20, 'RUB', 1000) ON CONFLICT DO NOTHING;
INSERT INTO products (id, name, slug, category_id, unit, description) VALUES ('54bba288-eef5-421a-8247-012f099e9490', '54   Ст20 4 ; 5; 10', '54-20-4-5-10', (SELECT id FROM categories WHERE slug='truby-i-profil'), 'т', 'https://mc.ru') ON CONFLICT DO NOTHING;
INSERT INTO price_items (id, product_id, supplier_id, price_base, price_markup, currency, stock_qty) VALUES ('671af8ee-cdf3-4f24-ba10-7e790e94b81b', '54bba288-eef5-421a-8247-012f099e9490', 'a2000000-0000-0000-0000-000000000001', 209990.00, 226789.20, 'RUB', 1000) ON CONFLICT DO NOTHING;
INSERT INTO products (id, name, slug, category_id, unit, description) VALUES ('2935db00-5c22-4cdc-ad09-b9ebcf88ed29', '36   Ст20 8', '36-20-8', (SELECT id FROM categories WHERE slug='truby-i-profil'), 'т', 'https://mc.ru') ON CONFLICT DO NOTHING;
INSERT INTO price_items (id, product_id, supplier_id, price_base, price_markup, currency, stock_qty) VALUES ('f084afd4-a2a0-475a-b01c-c012b7cc87a2', '2935db00-5c22-4cdc-ad09-b9ebcf88ed29', 'a2000000-0000-0000-0000-000000000001', 219990.00, 237589.20, 'RUB', 1000) ON CONFLICT DO NOTHING;
INSERT INTO products (id, name, slug, category_id, unit, description) VALUES ('87931db9-fffc-4629-9bf2-0fdb2495a0b5', '54   Ст20 12', '54-20-12', (SELECT id FROM categories WHERE slug='truby-i-profil'), 'т', 'https://mc.ru') ON CONFLICT DO NOTHING;
INSERT INTO price_items (id, product_id, supplier_id, price_base, price_markup, currency, stock_qty) VALUES ('896cb28c-146a-49c3-89cf-15c9f85409f2', '87931db9-fffc-4629-9bf2-0fdb2495a0b5', 'a2000000-0000-0000-0000-000000000001', 249990.00, 269989.20, 'RUB', 1000) ON CONFLICT DO NOTHING;
INSERT INTO products (id, name, slug, category_id, unit, description) VALUES ('ccb56d7e-c03e-413b-8688-edcb11ed624b', '38   Gr b     ASTM A106 2,5', '38-gr-b-astm-a106-2-5', (SELECT id FROM categories WHERE slug='truby-i-profil'), 'т', 'https://mc.ru') ON CONFLICT DO NOTHING;
INSERT INTO price_items (id, product_id, supplier_id, price_base, price_markup, currency, stock_qty) VALUES ('697957ea-1df8-4960-b5ec-da91b639c32d', 'ccb56d7e-c03e-413b-8688-edcb11ed624b', 'a2000000-0000-0000-0000-000000000001', 109990.00, 118789.20, 'RUB', 1000) ON CONFLICT DO NOTHING;
INSERT INTO products (id, name, slug, category_id, unit, description) VALUES ('1689b785-9168-4f85-a324-bc83bd9f2f53', '57   Ст20 2,5', '57-20-2-5', (SELECT id FROM categories WHERE slug='truby-i-profil'), 'т', 'https://mc.ru') ON CONFLICT DO NOTHING;
INSERT INTO price_items (id, product_id, supplier_id, price_base, price_markup, currency, stock_qty) VALUES ('ba149b6f-72fa-47fb-a6c2-4e1840793ac6', '1689b785-9168-4f85-a324-bc83bd9f2f53', 'a2000000-0000-0000-0000-000000000001', 209990.00, 226789.20, 'RUB', 1000) ON CONFLICT DO NOTHING;
INSERT INTO products (id, name, slug, category_id, unit, description) VALUES ('675ce674-38c1-4688-8dcb-682da27045e8', '60   Ст20 2,5 ; 4; 6', '60-20-2-5-4-6', (SELECT id FROM categories WHERE slug='truby-i-profil'), 'т', 'https://mc.ru') ON CONFLICT DO NOTHING;
INSERT INTO price_items (id, product_id, supplier_id, price_base, price_markup, currency, stock_qty) VALUES ('cfba9c58-9708-41d8-9168-aab1bcc5b901', '675ce674-38c1-4688-8dcb-682da27045e8', 'a2000000-0000-0000-0000-000000000001', 209990.00, 226789.20, 'RUB', 1000) ON CONFLICT DO NOTHING;
INSERT INTO products (id, name, slug, category_id, unit, description) VALUES ('a6b42ded-f1e6-41a3-b65a-da4bff7258b7', '38   Ст10 2', '38-10-2', (SELECT id FROM categories WHERE slug='truby-i-profil'), 'т', 'https://mc.ru') ON CONFLICT DO NOTHING;
INSERT INTO price_items (id, product_id, supplier_id, price_base, price_markup, currency, stock_qty) VALUES ('7aae6918-030e-483c-8a0c-dc32e723ae52', 'a6b42ded-f1e6-41a3-b65a-da4bff7258b7', 'a2000000-0000-0000-0000-000000000001', 279990.00, 302389.20, 'RUB', 1000) ON CONFLICT DO NOTHING;
INSERT INTO products (id, name, slug, category_id, unit, description) VALUES ('8b441416-77b7-46fc-8c6b-aace391eeb9e', '63   Ст20 4 ; 5; 8', '63-20-4-5-8', (SELECT id FROM categories WHERE slug='truby-i-profil'), 'т', 'https://mc.ru') ON CONFLICT DO NOTHING;
INSERT INTO price_items (id, product_id, supplier_id, price_base, price_markup, currency, stock_qty) VALUES ('7d69559b-2247-47c3-978a-5451178f622f', '8b441416-77b7-46fc-8c6b-aace391eeb9e', 'a2000000-0000-0000-0000-000000000001', 209990.00, 226789.20, 'RUB', 1000) ON CONFLICT DO NOTHING;
INSERT INTO products (id, name, slug, category_id, unit, description) VALUES ('1794295e-d6e3-402e-be0e-d084e0f4dcd8', '38   Ст10', '38-10', (SELECT id FROM categories WHERE slug='truby-i-profil'), 'т', 'https://mc.ru') ON CONFLICT DO NOTHING;
INSERT INTO price_items (id, product_id, supplier_id, price_base, price_markup, currency, stock_qty) VALUES ('bb5c0203-83e9-482e-bbc1-15c352f9391d', '1794295e-d6e3-402e-be0e-d084e0f4dcd8', 'a2000000-0000-0000-0000-000000000001', 214990.00, 232189.20, 'RUB', 1000) ON CONFLICT DO NOTHING;
INSERT INTO products (id, name, slug, category_id, unit, description) VALUES ('1835cb38-fe77-4acc-b8ec-9b1c820ca2f1', '65   Ст20 3 ; 4', '65-20-3-4', (SELECT id FROM categories WHERE slug='truby-i-profil'), 'т', 'https://mc.ru') ON CONFLICT DO NOTHING;
INSERT INTO price_items (id, product_id, supplier_id, price_base, price_markup, currency, stock_qty) VALUES ('1025af78-b078-40d6-8a4b-280520e3af2d', '1835cb38-fe77-4acc-b8ec-9b1c820ca2f1', 'a2000000-0000-0000-0000-000000000001', 209990.00, 226789.20, 'RUB', 1000) ON CONFLICT DO NOTHING;
INSERT INTO products (id, name, slug, category_id, unit, description) VALUES ('d2acf2e2-aa59-4e81-83e9-fde77f6d8e1c', '38   Ст10 5', '38-10-5', (SELECT id FROM categories WHERE slug='truby-i-profil'), 'т', 'https://mc.ru') ON CONFLICT DO NOTHING;
INSERT INTO price_items (id, product_id, supplier_id, price_base, price_markup, currency, stock_qty) VALUES ('026fe7ea-17ee-4aeb-8d64-155116326c31', 'd2acf2e2-aa59-4e81-83e9-fde77f6d8e1c', 'a2000000-0000-0000-0000-000000000001', 204990.00, 221389.20, 'RUB', 1000) ON CONFLICT DO NOTHING;
INSERT INTO products (id, name, slug, category_id, unit, description) VALUES ('5a52af34-28a3-4941-8fc1-fc79af6749aa', '68   Ст20 3', '68-20-3', (SELECT id FROM categories WHERE slug='truby-i-profil'), 'т', 'https://mc.ru') ON CONFLICT DO NOTHING;
INSERT INTO price_items (id, product_id, supplier_id, price_base, price_markup, currency, stock_qty) VALUES ('8c06e97c-e491-4c7a-8d07-c7056b64a33e', '5a52af34-28a3-4941-8fc1-fc79af6749aa', 'a2000000-0000-0000-0000-000000000001', 209990.00, 226789.20, 'RUB', 1000) ON CONFLICT DO NOTHING;
INSERT INTO products (id, name, slug, category_id, unit, description) VALUES ('7dcbe458-2e1d-4653-bfcc-d1ea2a3cf9dc', '38   Ст20 1,5', '38-20-1-5', (SELECT id FROM categories WHERE slug='truby-i-profil'), 'т', 'https://mc.ru') ON CONFLICT DO NOTHING;
INSERT INTO price_items (id, product_id, supplier_id, price_base, price_markup, currency, stock_qty) VALUES ('efb5d0c0-525f-4b37-96c6-023c6a0feff9', '7dcbe458-2e1d-4653-bfcc-d1ea2a3cf9dc', 'a2000000-0000-0000-0000-000000000001', 289990.00, 313189.20, 'RUB', 1000) ON CONFLICT DO NOTHING;
INSERT INTO products (id, name, slug, category_id, unit, description) VALUES ('6af5e78d-b540-481e-a844-bd660c64ee16', '70   Ст10 3', '70-10-3', (SELECT id FROM categories WHERE slug='truby-i-profil'), 'т', 'https://mc.ru') ON CONFLICT DO NOTHING;
INSERT INTO price_items (id, product_id, supplier_id, price_base, price_markup, currency, stock_qty) VALUES ('a7142e76-2fd4-4196-93a6-957ded0aeabf', '6af5e78d-b540-481e-a844-bd660c64ee16', 'a2000000-0000-0000-0000-000000000001', 209990.00, 226789.20, 'RUB', 1000) ON CONFLICT DO NOTHING;
INSERT INTO products (id, name, slug, category_id, unit, description) VALUES ('26c73193-66f9-4017-988d-514ab0b6c593', '70   Ст20 3 ; 4', '70-20-3-4', (SELECT id FROM categories WHERE slug='truby-i-profil'), 'т', 'https://mc.ru') ON CONFLICT DO NOTHING;
INSERT INTO price_items (id, product_id, supplier_id, price_base, price_markup, currency, stock_qty) VALUES ('c6624e37-4cf6-482a-9f7c-113d9a5c0d59', '26c73193-66f9-4017-988d-514ab0b6c593', 'a2000000-0000-0000-0000-000000000001', 209990.00, 226789.20, 'RUB', 1000) ON CONFLICT DO NOTHING;
INSERT INTO products (id, name, slug, category_id, unit, description) VALUES ('e71cc7dc-4b60-4b14-a798-f17afce35959', '38   Ст20 2,5', '38-20-2-5', (SELECT id FROM categories WHERE slug='truby-i-profil'), 'т', 'https://mc.ru') ON CONFLICT DO NOTHING;
INSERT INTO price_items (id, product_id, supplier_id, price_base, price_markup, currency, stock_qty) VALUES ('25a72a5b-b74a-4deb-b233-22fbbd8a6557', 'e71cc7dc-4b60-4b14-a798-f17afce35959', 'a2000000-0000-0000-0000-000000000001', 219990.00, 237589.20, 'RUB', 1000) ON CONFLICT DO NOTHING;
INSERT INTO products (id, name, slug, category_id, unit, description) VALUES ('53905faa-a2b7-433f-8fc3-70a6c171ea7a', '73   Ст20 3 ; 4; 5', '73-20-3-4-5', (SELECT id FROM categories WHERE slug='truby-i-profil'), 'т', 'https://mc.ru') ON CONFLICT DO NOTHING;
INSERT INTO price_items (id, product_id, supplier_id, price_base, price_markup, currency, stock_qty) VALUES ('47319ecf-3718-495d-839c-c879dbf069c6', '53905faa-a2b7-433f-8fc3-70a6c171ea7a', 'a2000000-0000-0000-0000-000000000001', 209990.00, 226789.20, 'RUB', 1000) ON CONFLICT DO NOTHING;
INSERT INTO products (id, name, slug, category_id, unit, description) VALUES ('c27f917f-a586-4fcc-8b8b-5588eb6253d8', '76   Ст20 3', '76-20-3', (SELECT id FROM categories WHERE slug='truby-i-profil'), 'т', 'https://mc.ru') ON CONFLICT DO NOTHING;
INSERT INTO price_items (id, product_id, supplier_id, price_base, price_markup, currency, stock_qty) VALUES ('fed6ae32-b444-4cfe-9c16-f588be4de612', 'c27f917f-a586-4fcc-8b8b-5588eb6253d8', 'a2000000-0000-0000-0000-000000000001', 209990.00, 226789.20, 'RUB', 1000) ON CONFLICT DO NOTHING;
INSERT INTO products (id, name, slug, category_id, unit, description) VALUES ('9723bcee-db09-4d59-a91b-f4f12a6a40cf', '89   Ст20 15', '89-20-15', (SELECT id FROM categories WHERE slug='truby-i-profil'), 'т', 'https://mc.ru') ON CONFLICT DO NOTHING;
INSERT INTO price_items (id, product_id, supplier_id, price_base, price_markup, currency, stock_qty) VALUES ('bb8c6b71-d3f4-4426-9bf4-115bffef5c1f', '9723bcee-db09-4d59-a91b-f4f12a6a40cf', 'a2000000-0000-0000-0000-000000000001', 109990.00, 118789.20, 'RUB', 1000) ON CONFLICT DO NOTHING;
INSERT INTO products (id, name, slug, category_id, unit, description) VALUES ('eff61a55-a993-4e1f-b574-6d110033c399', '89   Ст20 16', '89-20-16', (SELECT id FROM categories WHERE slug='truby-i-profil'), 'т', 'https://mc.ru') ON CONFLICT DO NOTHING;
INSERT INTO price_items (id, product_id, supplier_id, price_base, price_markup, currency, stock_qty) VALUES ('73a15566-d776-4688-a794-b0b3eda73964', 'eff61a55-a993-4e1f-b574-6d110033c399', 'a2000000-0000-0000-0000-000000000001', 114990.00, 124189.20, 'RUB', 1000) ON CONFLICT DO NOTHING;
INSERT INTO products (id, name, slug, category_id, unit, description) VALUES ('1e55eef6-fa26-4768-8ca1-b55054ebd975', '85   Ст20 4 ; 5', '85-20-4-5', (SELECT id FROM categories WHERE slug='truby-i-profil'), 'т', 'https://mc.ru') ON CONFLICT DO NOTHING;
INSERT INTO price_items (id, product_id, supplier_id, price_base, price_markup, currency, stock_qty) VALUES ('df9bdffc-9fa6-44a4-82b8-c414d94852cc', '1e55eef6-fa26-4768-8ca1-b55054ebd975', 'a2000000-0000-0000-0000-000000000001', 299990.00, 323989.20, 'RUB', 1000) ON CONFLICT DO NOTHING;
INSERT INTO products (id, name, slug, category_id, unit, description) VALUES ('2d04422c-94e0-49b0-84e5-c2a0643852a0', '89   Ст20 18 ; 20; 22', '89-20-18-20-22', (SELECT id FROM categories WHERE slug='truby-i-profil'), 'т', 'https://mc.ru') ON CONFLICT DO NOTHING;
INSERT INTO price_items (id, product_id, supplier_id, price_base, price_markup, currency, stock_qty) VALUES ('7b50f85c-d10e-4e3b-bcae-ab97667ce4ee', '2d04422c-94e0-49b0-84e5-c2a0643852a0', 'a2000000-0000-0000-0000-000000000001', 119990.00, 129589.20, 'RUB', 1000) ON CONFLICT DO NOTHING;
INSERT INTO products (id, name, slug, category_id, unit, description) VALUES ('9aa8e6a3-d2e9-4f14-a233-5118928d2a05', '108   Gr b     ASTM A106 3 ; 3,5; 4', '108-gr-b-astm-a106-3-3-5-4', (SELECT id FROM categories WHERE slug='truby-i-profil'), 'т', 'https://mc.ru') ON CONFLICT DO NOTHING;
INSERT INTO price_items (id, product_id, supplier_id, price_base, price_markup, currency, stock_qty) VALUES ('346ae3a6-6528-44b3-9836-32e810634c9f', '9aa8e6a3-d2e9-4f14-a233-5118928d2a05', 'a2000000-0000-0000-0000-000000000001', 99990.00, 107989.20, 'RUB', 1000) ON CONFLICT DO NOTHING;
INSERT INTO products (id, name, slug, category_id, unit, description) VALUES ('5cbf4b61-795e-474d-a913-52e6c7c78e44', '89   Ст35   Ст35 15', '89-35-35-15', (SELECT id FROM categories WHERE slug='truby-i-profil'), 'т', 'https://mc.ru') ON CONFLICT DO NOTHING;
INSERT INTO price_items (id, product_id, supplier_id, price_base, price_markup, currency, stock_qty) VALUES ('633a178e-a0f6-40e2-80bf-d319f7daff75', '5cbf4b61-795e-474d-a913-52e6c7c78e44', 'a2000000-0000-0000-0000-000000000001', 109990.00, 118789.20, 'RUB', 1000) ON CONFLICT DO NOTHING;
INSERT INTO products (id, name, slug, category_id, unit, description) VALUES ('2931e06a-d622-4ad4-8ebd-c58080472b37', '95   Ст20 5 ; 6; 10; 12; 14', '95-20-5-6-10-12-14', (SELECT id FROM categories WHERE slug='truby-i-profil'), 'т', 'https://mc.ru') ON CONFLICT DO NOTHING;
INSERT INTO price_items (id, product_id, supplier_id, price_base, price_markup, currency, stock_qty) VALUES ('79ecc268-661f-4adc-bcaa-1f7709a1a254', '2931e06a-d622-4ad4-8ebd-c58080472b37', 'a2000000-0000-0000-0000-000000000001', 119990.00, 129589.20, 'RUB', 1000) ON CONFLICT DO NOTHING;
INSERT INTO products (id, name, slug, category_id, unit, description) VALUES ('66e395ee-9d81-4d82-ac49-a2d9a1811f99', '130   Gr b     ASTM A106 3 ; 4; 5', '130-gr-b-astm-a106-3-4-5', (SELECT id FROM categories WHERE slug='truby-i-profil'), 'т', 'https://mc.ru') ON CONFLICT DO NOTHING;
INSERT INTO price_items (id, product_id, supplier_id, price_base, price_markup, currency, stock_qty) VALUES ('54dd49b8-8cfe-4f2f-b76f-2b386a6572ce', '66e395ee-9d81-4d82-ac49-a2d9a1811f99', 'a2000000-0000-0000-0000-000000000001', 99990.00, 107989.20, 'RUB', 1000) ON CONFLICT DO NOTHING;
INSERT INTO products (id, name, slug, category_id, unit, description) VALUES ('0236e387-5701-4ca8-8c87-832d2dcd4e8b', '160   Gr b     ASTM A106 3 ; 4', '160-gr-b-astm-a106-3-4', (SELECT id FROM categories WHERE slug='truby-i-profil'), 'т', 'https://mc.ru') ON CONFLICT DO NOTHING;
INSERT INTO price_items (id, product_id, supplier_id, price_base, price_markup, currency, stock_qty) VALUES ('43ded7df-26a2-4acf-935f-93601beab571', '0236e387-5701-4ca8-8c87-832d2dcd4e8b', 'a2000000-0000-0000-0000-000000000001', 99990.00, 107989.20, 'RUB', 1000) ON CONFLICT DO NOTHING;
INSERT INTO products (id, name, slug, category_id, unit, description) VALUES ('17e2790f-ace9-4708-8f8d-9215cb0c7c28', '102   Ст20 6 ; 8; 10; 12; 14', '102-20-6-8-10-12-14', (SELECT id FROM categories WHERE slug='truby-i-profil'), 'т', 'https://mc.ru') ON CONFLICT DO NOTHING;
INSERT INTO price_items (id, product_id, supplier_id, price_base, price_markup, currency, stock_qty) VALUES ('8a4eb00b-33f5-4dfe-a7ee-a252916dda2a', '17e2790f-ace9-4708-8f8d-9215cb0c7c28', 'a2000000-0000-0000-0000-000000000001', 114990.00, 124189.20, 'RUB', 1000) ON CONFLICT DO NOTHING;
INSERT INTO products (id, name, slug, category_id, unit, description) VALUES ('28854452-1848-4fd8-ac96-42e74bf24752', '160   Gr b     ASTM A106 5 ; 6', '160-gr-b-astm-a106-5-6', (SELECT id FROM categories WHERE slug='truby-i-profil'), 'т', 'https://mc.ru') ON CONFLICT DO NOTHING;
INSERT INTO price_items (id, product_id, supplier_id, price_base, price_markup, currency, stock_qty) VALUES ('5329df48-7235-4085-a342-4eec2ca26309', '28854452-1848-4fd8-ac96-42e74bf24752', 'a2000000-0000-0000-0000-000000000001', 89990.00, 97189.20, 'RUB', 1000) ON CONFLICT DO NOTHING;
INSERT INTO products (id, name, slug, category_id, unit, description) VALUES ('7d32c54b-3274-4637-bcab-d1b9b36705a5', '102   Ст20 22 ; 24; 28', '102-20-22-24-28', (SELECT id FROM categories WHERE slug='truby-i-profil'), 'т', 'https://mc.ru') ON CONFLICT DO NOTHING;
INSERT INTO price_items (id, product_id, supplier_id, price_base, price_markup, currency, stock_qty) VALUES ('5d9eb9e8-0301-4e67-a305-66109761426e', '7d32c54b-3274-4637-bcab-d1b9b36705a5', 'a2000000-0000-0000-0000-000000000001', 119990.00, 129589.20, 'RUB', 1000) ON CONFLICT DO NOTHING;
INSERT INTO products (id, name, slug, category_id, unit, description) VALUES ('f5998e74-6750-4995-93c7-7ac8bbd46438', '108   09Г2С   09Г2С 4', '108-09-2-09-2-4', (SELECT id FROM categories WHERE slug='truby-i-profil'), 'т', 'https://mc.ru') ON CONFLICT DO NOTHING;
INSERT INTO price_items (id, product_id, supplier_id, price_base, price_markup, currency, stock_qty) VALUES ('53ebc570-142e-4738-a9b1-69f5666723d6', 'f5998e74-6750-4995-93c7-7ac8bbd46438', 'a2000000-0000-0000-0000-000000000001', 124990.00, 134989.20, 'RUB', 1000) ON CONFLICT DO NOTHING;
INSERT INTO products (id, name, slug, category_id, unit, description) VALUES ('3baacae2-5542-4221-b3a4-958ef7e78b34', '180   Gr b     ASTM A106 5', '180-gr-b-astm-a106-5', (SELECT id FROM categories WHERE slug='truby-i-profil'), 'т', 'https://mc.ru') ON CONFLICT DO NOTHING;
INSERT INTO price_items (id, product_id, supplier_id, price_base, price_markup, currency, stock_qty) VALUES ('5f82da88-7ec8-4689-9491-31c86686bf2a', '3baacae2-5542-4221-b3a4-958ef7e78b34', 'a2000000-0000-0000-0000-000000000001', 99990.00, 107989.20, 'RUB', 1000) ON CONFLICT DO NOTHING;
INSERT INTO products (id, name, slug, category_id, unit, description) VALUES ('25e9904b-a1d5-4f36-a2af-394ad53774e7', '108   09Г2С   09Г2С 5 ; 6', '108-09-2-09-2-5-6', (SELECT id FROM categories WHERE slug='truby-i-profil'), 'т', 'https://mc.ru') ON CONFLICT DO NOTHING;
INSERT INTO price_items (id, product_id, supplier_id, price_base, price_markup, currency, stock_qty) VALUES ('6677988a-b636-4347-8fcc-cd3c6ab34109', '25e9904b-a1d5-4f36-a2af-394ad53774e7', 'a2000000-0000-0000-0000-000000000001', 119990.00, 129589.20, 'RUB', 1000) ON CONFLICT DO NOTHING;
INSERT INTO products (id, name, slug, category_id, unit, description) VALUES ('49244447-f984-446b-b01e-b7fc3d67e01e', '180   Gr b     ASTM A106 6 ; 8', '180-gr-b-astm-a106-6-8', (SELECT id FROM categories WHERE slug='truby-i-profil'), 'т', 'https://mc.ru') ON CONFLICT DO NOTHING;
INSERT INTO price_items (id, product_id, supplier_id, price_base, price_markup, currency, stock_qty) VALUES ('af23bdf5-19cf-4292-aab7-3b92b3715026', '49244447-f984-446b-b01e-b7fc3d67e01e', 'a2000000-0000-0000-0000-000000000001', 89990.00, 97189.20, 'RUB', 1000) ON CONFLICT DO NOTHING;
INSERT INTO products (id, name, slug, category_id, unit, description) VALUES ('dcb14288-7009-422c-b5e0-13ee2f21dc28', '108   Ст10 12', '108-10-12', (SELECT id FROM categories WHERE slug='truby-i-profil'), 'т', 'https://mc.ru') ON CONFLICT DO NOTHING;
INSERT INTO price_items (id, product_id, supplier_id, price_base, price_markup, currency, stock_qty) VALUES ('a685d775-8c68-47c8-9c8d-fb9426aed581', 'dcb14288-7009-422c-b5e0-13ee2f21dc28', 'a2000000-0000-0000-0000-000000000001', 114990.00, 124189.20, 'RUB', 1000) ON CONFLICT DO NOTHING;
INSERT INTO products (id, name, slug, category_id, unit, description) VALUES ('9721559e-1760-48b5-87e5-b9559525c109', '200   Gr b     ASTM A106 4 ; 5; 6; 8; 10', '200-gr-b-astm-a106-4-5-6-8-10', (SELECT id FROM categories WHERE slug='truby-i-profil'), 'т', 'https://mc.ru') ON CONFLICT DO NOTHING;
INSERT INTO price_items (id, product_id, supplier_id, price_base, price_markup, currency, stock_qty) VALUES ('fd8e4e97-bd7f-40c2-81e2-75398010fdd9', '9721559e-1760-48b5-87e5-b9559525c109', 'a2000000-0000-0000-0000-000000000001', 89990.00, 97189.20, 'RUB', 1000) ON CONFLICT DO NOTHING;
INSERT INTO products (id, name, slug, category_id, unit, description) VALUES ('e85c73e8-456d-4fe7-af09-eaf0a74055c0', '108   Ст20 4', '108-20-4', (SELECT id FROM categories WHERE slug='truby-i-profil'), 'т', 'https://mc.ru') ON CONFLICT DO NOTHING;
INSERT INTO price_items (id, product_id, supplier_id, price_base, price_markup, currency, stock_qty) VALUES ('9073da1c-bfe1-4dc2-955f-6af26f12e68f', 'e85c73e8-456d-4fe7-af09-eaf0a74055c0', 'a2000000-0000-0000-0000-000000000001', 119990.00, 129589.20, 'RUB', 1000) ON CONFLICT DO NOTHING;
INSERT INTO products (id, name, slug, category_id, unit, description) VALUES ('31e86381-0a29-4461-bcfb-18438ef6cf39', '108   Ст20 4,5 ; 5; 6; 7; 8', '108-20-4-5-5-6-7-8', (SELECT id FROM categories WHERE slug='truby-i-profil'), 'т', 'https://mc.ru') ON CONFLICT DO NOTHING;
INSERT INTO price_items (id, product_id, supplier_id, price_base, price_markup, currency, stock_qty) VALUES ('e640e1b4-aa69-486e-ad8b-1a3bf174054c', '31e86381-0a29-4461-bcfb-18438ef6cf39', 'a2000000-0000-0000-0000-000000000001', 114990.00, 124189.20, 'RUB', 1000) ON CONFLICT DO NOTHING;
INSERT INTO products (id, name, slug, category_id, unit, description) VALUES ('aca035a5-49a9-438e-9588-ca2fd745fd4d', '220   Gr b     ASTM A106 4 ; 5; 6; 8; 10', '220-gr-b-astm-a106-4-5-6-8-10', (SELECT id FROM categories WHERE slug='truby-i-profil'), 'т', 'https://mc.ru') ON CONFLICT DO NOTHING;
INSERT INTO price_items (id, product_id, supplier_id, price_base, price_markup, currency, stock_qty) VALUES ('7659bc56-945b-45e5-989f-137a99762ccc', 'aca035a5-49a9-438e-9588-ca2fd745fd4d', 'a2000000-0000-0000-0000-000000000001', 89990.00, 97189.20, 'RUB', 1000) ON CONFLICT DO NOTHING;
INSERT INTO products (id, name, slug, category_id, unit, description) VALUES ('6a1a55c5-fb2b-41fa-9277-0c68b9761f4f', '108   Ст20 22 ; 25; 28', '108-20-22-25-28', (SELECT id FROM categories WHERE slug='truby-i-profil'), 'т', 'https://mc.ru') ON CONFLICT DO NOTHING;
INSERT INTO price_items (id, product_id, supplier_id, price_base, price_markup, currency, stock_qty) VALUES ('bfd1ba5c-b586-4106-9f18-56435620222d', '6a1a55c5-fb2b-41fa-9277-0c68b9761f4f', 'a2000000-0000-0000-0000-000000000001', 119990.00, 129589.20, 'RUB', 1000) ON CONFLICT DO NOTHING;
INSERT INTO products (id, name, slug, category_id, unit, description) VALUES ('336e126f-872c-4674-ac03-3760d08401fa', '114   Ст20', '114-20', (SELECT id FROM categories WHERE slug='truby-i-profil'), 'т', 'https://mc.ru') ON CONFLICT DO NOTHING;
INSERT INTO price_items (id, product_id, supplier_id, price_base, price_markup, currency, stock_qty) VALUES ('91db2c50-6398-46a5-84e8-522e869c67f9', '336e126f-872c-4674-ac03-3760d08401fa', 'a2000000-0000-0000-0000-000000000001', 119990.00, 129589.20, 'RUB', 1000) ON CONFLICT DO NOTHING;
INSERT INTO products (id, name, slug, category_id, unit, description) VALUES ('8aed11d3-0889-40ec-96ab-3e8a75678e2d', '250   Gr b     ASTM A106 6 ; 8; 10; 12; 16', '250-gr-b-astm-a106-6-8-10-12-16', (SELECT id FROM categories WHERE slug='truby-i-profil'), 'т', 'https://mc.ru') ON CONFLICT DO NOTHING;
INSERT INTO price_items (id, product_id, supplier_id, price_base, price_markup, currency, stock_qty) VALUES ('ca9d4b7d-2b4e-4e9f-bef5-f94a073c7301', '8aed11d3-0889-40ec-96ab-3e8a75678e2d', 'a2000000-0000-0000-0000-000000000001', 89990.00, 97189.20, 'RUB', 1000) ON CONFLICT DO NOTHING;
INSERT INTO products (id, name, slug, category_id, unit, description) VALUES ('8eef1901-7680-494b-a820-5e15a96af804', '114   Ст20 5 ; 6; 7; 8; 9', '114-20-5-6-7-8-9', (SELECT id FROM categories WHERE slug='truby-i-profil'), 'т', 'https://mc.ru') ON CONFLICT DO NOTHING;
INSERT INTO price_items (id, product_id, supplier_id, price_base, price_markup, currency, stock_qty) VALUES ('f7e73731-1134-481d-bb37-85e0a967ef91', '8eef1901-7680-494b-a820-5e15a96af804', 'a2000000-0000-0000-0000-000000000001', 114990.00, 124189.20, 'RUB', 1000) ON CONFLICT DO NOTHING;
INSERT INTO products (id, name, slug, category_id, unit, description) VALUES ('05e58f0c-67be-4610-94db-767a1576c60c', '114   Ст20 10', '114-20-10', (SELECT id FROM categories WHERE slug='truby-i-profil'), 'т', 'https://mc.ru') ON CONFLICT DO NOTHING;
INSERT INTO price_items (id, product_id, supplier_id, price_base, price_markup, currency, stock_qty) VALUES ('3608270a-8fa0-4edb-9e8f-01a3540e2fca', '05e58f0c-67be-4610-94db-767a1576c60c', 'a2000000-0000-0000-0000-000000000001', 119000.00, 128520.00, 'RUB', 1000) ON CONFLICT DO NOTHING;
INSERT INTO products (id, name, slug, category_id, unit, description) VALUES ('17cc7ea0-fc39-45b3-9115-c7597bb6e8f0', '114   Ст20 12 ; 14; 16; 18', '114-20-12-14-16-18', (SELECT id FROM categories WHERE slug='truby-i-profil'), 'т', 'https://mc.ru') ON CONFLICT DO NOTHING;
INSERT INTO price_items (id, product_id, supplier_id, price_base, price_markup, currency, stock_qty) VALUES ('c3ddc0f9-cbb1-4807-84e5-f2838004d79e', '17cc7ea0-fc39-45b3-9115-c7597bb6e8f0', 'a2000000-0000-0000-0000-000000000001', 114990.00, 124189.20, 'RUB', 1000) ON CONFLICT DO NOTHING;
INSERT INTO products (id, name, slug, category_id, unit, description) VALUES ('ffe7491a-bccc-4f66-b402-58d819efe64c', '38   Ст20 4 ; 5', '38-20-4-5', (SELECT id FROM categories WHERE slug='truby-i-profil'), 'т', 'https://mc.ru') ON CONFLICT DO NOTHING;
INSERT INTO price_items (id, product_id, supplier_id, price_base, price_markup, currency, stock_qty) VALUES ('8530923d-fac5-475d-bc8c-acc1d07fe7d8', 'ffe7491a-bccc-4f66-b402-58d819efe64c', 'a2000000-0000-0000-0000-000000000001', 169990.00, 183589.20, 'RUB', 1000) ON CONFLICT DO NOTHING;
INSERT INTO products (id, name, slug, category_id, unit, description) VALUES ('22d3107f-c6b1-43b6-98a7-d35818eef5d0', '114   Ст20 25 ; 28', '114-20-25-28', (SELECT id FROM categories WHERE slug='truby-i-profil'), 'т', 'https://mc.ru') ON CONFLICT DO NOTHING;
INSERT INTO price_items (id, product_id, supplier_id, price_base, price_markup, currency, stock_qty) VALUES ('6529add5-1d15-4d64-b740-c5b515465e67', '22d3107f-c6b1-43b6-98a7-d35818eef5d0', 'a2000000-0000-0000-0000-000000000001', 119990.00, 129589.20, 'RUB', 1000) ON CONFLICT DO NOTHING;
INSERT INTO products (id, name, slug, category_id, unit, description) VALUES ('1fc5e02a-b36c-491e-a20b-0e4fda4887b8', '40   Ст20 4 ; 5', '40-20-4-5', (SELECT id FROM categories WHERE slug='truby-i-profil'), 'т', 'https://mc.ru') ON CONFLICT DO NOTHING;
INSERT INTO price_items (id, product_id, supplier_id, price_base, price_markup, currency, stock_qty) VALUES ('30313dc8-17ca-48f2-b70a-ebc56f93a80c', '1fc5e02a-b36c-491e-a20b-0e4fda4887b8', 'a2000000-0000-0000-0000-000000000001', 169990.00, 183589.20, 'RUB', 1000) ON CONFLICT DO NOTHING;
INSERT INTO products (id, name, slug, category_id, unit, description) VALUES ('8f062fd3-a836-4188-b6c1-b8c132060142', '114   Ст35   Ст35 18', '114-35-35-18', (SELECT id FROM categories WHERE slug='truby-i-profil'), 'т', 'https://mc.ru') ON CONFLICT DO NOTHING;
INSERT INTO price_items (id, product_id, supplier_id, price_base, price_markup, currency, stock_qty) VALUES ('6dd3ef06-93f9-44df-b429-4cb7e22164e5', '8f062fd3-a836-4188-b6c1-b8c132060142', 'a2000000-0000-0000-0000-000000000001', 114990.00, 124189.20, 'RUB', 1000) ON CONFLICT DO NOTHING;
INSERT INTO products (id, name, slug, category_id, unit, description) VALUES ('fe9f39ea-77c9-4a4d-b113-4e0a17cc9f5d', '42   Ст20 5 ; 6', '42-20-5-6', (SELECT id FROM categories WHERE slug='truby-i-profil'), 'т', 'https://mc.ru') ON CONFLICT DO NOTHING;
INSERT INTO price_items (id, product_id, supplier_id, price_base, price_markup, currency, stock_qty) VALUES ('7fad2673-19a0-4ff8-bf0c-673d60b6a193', 'fe9f39ea-77c9-4a4d-b113-4e0a17cc9f5d', 'a2000000-0000-0000-0000-000000000001', 169990.00, 183589.20, 'RUB', 1000) ON CONFLICT DO NOTHING;
INSERT INTO products (id, name, slug, category_id, unit, description) VALUES ('8e4de9d5-1364-4081-8f2c-3f0a9c74e08d', '121   Ст20 5 ; 6; 8; 12; 14', '121-20-5-6-8-12-14', (SELECT id FROM categories WHERE slug='truby-i-profil'), 'т', 'https://mc.ru') ON CONFLICT DO NOTHING;
INSERT INTO price_items (id, product_id, supplier_id, price_base, price_markup, currency, stock_qty) VALUES ('0d7f9271-cb0b-48c1-9175-b4361c69e202', '8e4de9d5-1364-4081-8f2c-3f0a9c74e08d', 'a2000000-0000-0000-0000-000000000001', 114990.00, 124189.20, 'RUB', 1000) ON CONFLICT DO NOTHING;
INSERT INTO products (id, name, slug, category_id, unit, description) VALUES ('89bb0161-d788-49da-bed9-a0fa16bc1def', '45   Ст20 4 ; 5; 10', '45-20-4-5-10', (SELECT id FROM categories WHERE slug='truby-i-profil'), 'т', 'https://mc.ru') ON CONFLICT DO NOTHING;
INSERT INTO price_items (id, product_id, supplier_id, price_base, price_markup, currency, stock_qty) VALUES ('e904b67d-1944-464d-bdbb-942ac4ac625e', '89bb0161-d788-49da-bed9-a0fa16bc1def', 'a2000000-0000-0000-0000-000000000001', 169990.00, 183589.20, 'RUB', 1000) ON CONFLICT DO NOTHING;
INSERT INTO products (id, name, slug, category_id, unit, description) VALUES ('37d94c7f-b54c-4793-9e45-3e8989584074', '121   Ст20 24 ; 25; 28', '121-20-24-25-28', (SELECT id FROM categories WHERE slug='truby-i-profil'), 'т', 'https://mc.ru') ON CONFLICT DO NOTHING;
INSERT INTO price_items (id, product_id, supplier_id, price_base, price_markup, currency, stock_qty) VALUES ('b7b4e79b-40d2-4744-aa3d-22130f29f8bc', '37d94c7f-b54c-4793-9e45-3e8989584074', 'a2000000-0000-0000-0000-000000000001', 119990.00, 129589.20, 'RUB', 1000) ON CONFLICT DO NOTHING;
INSERT INTO products (id, name, slug, category_id, unit, description) VALUES ('adf05da7-ac23-4c6d-b57a-22dcb804334d', '48.3   Ст20 4 ; 6; 8; 10', '48-3-20-4-6-8-10', (SELECT id FROM categories WHERE slug='truby-i-profil'), 'т', 'https://mc.ru') ON CONFLICT DO NOTHING;
INSERT INTO price_items (id, product_id, supplier_id, price_base, price_markup, currency, stock_qty) VALUES ('fcaf3900-3755-497c-ba6f-c4d6d109dbc6', 'adf05da7-ac23-4c6d-b57a-22dcb804334d', 'a2000000-0000-0000-0000-000000000001', 169990.00, 183589.20, 'RUB', 1000) ON CONFLICT DO NOTHING;
INSERT INTO products (id, name, slug, category_id, unit, description) VALUES ('9a953e2d-ecb9-4f60-94ff-229e102dc8c0', '127   Ст10 6 ; 8; 10', '127-10-6-8-10', (SELECT id FROM categories WHERE slug='truby-i-profil'), 'т', 'https://mc.ru') ON CONFLICT DO NOTHING;
INSERT INTO price_items (id, product_id, supplier_id, price_base, price_markup, currency, stock_qty) VALUES ('7d58b957-8810-48b6-a695-32ba817b8777', '9a953e2d-ecb9-4f60-94ff-229e102dc8c0', 'a2000000-0000-0000-0000-000000000001', 114990.00, 124189.20, 'RUB', 1000) ON CONFLICT DO NOTHING;
INSERT INTO products (id, name, slug, category_id, unit, description) VALUES ('52797fe4-9b9e-46fc-bdcb-8aacb05bc749', '50   Ст20 4 ; 5; 6; 8; 10', '50-20-4-5-6-8-10', (SELECT id FROM categories WHERE slug='truby-i-profil'), 'т', 'https://mc.ru') ON CONFLICT DO NOTHING;
INSERT INTO price_items (id, product_id, supplier_id, price_base, price_markup, currency, stock_qty) VALUES ('926f6c9f-1806-4584-b144-e38d5571c53d', '52797fe4-9b9e-46fc-bdcb-8aacb05bc749', 'a2000000-0000-0000-0000-000000000001', 169990.00, 183589.20, 'RUB', 1000) ON CONFLICT DO NOTHING;
INSERT INTO products (id, name, slug, category_id, unit, description) VALUES ('131fd854-e15d-4a7f-9b6d-282e4c891f5f', '127   Ст20 4', '127-20-4', (SELECT id FROM categories WHERE slug='truby-i-profil'), 'т', 'https://mc.ru') ON CONFLICT DO NOTHING;
INSERT INTO price_items (id, product_id, supplier_id, price_base, price_markup, currency, stock_qty) VALUES ('f1bc4307-e028-443d-8358-f926d3299397', '131fd854-e15d-4a7f-9b6d-282e4c891f5f', 'a2000000-0000-0000-0000-000000000001', 119000.00, 128520.00, 'RUB', 1000) ON CONFLICT DO NOTHING;
INSERT INTO products (id, name, slug, category_id, unit, description) VALUES ('a7641e57-88b4-4256-bad9-ff741edf4088', '57   09Г2С   09Г2С 6', '57-09-2-09-2-6', (SELECT id FROM categories WHERE slug='truby-i-profil'), 'т', 'https://mc.ru') ON CONFLICT DO NOTHING;
INSERT INTO price_items (id, product_id, supplier_id, price_base, price_markup, currency, stock_qty) VALUES ('b0edae5f-7697-4ab2-9149-f8b3fef3767c', 'a7641e57-88b4-4256-bad9-ff741edf4088', 'a2000000-0000-0000-0000-000000000001', 124990.00, 134989.20, 'RUB', 1000) ON CONFLICT DO NOTHING;
INSERT INTO products (id, name, slug, category_id, unit, description) VALUES ('892c3859-94bb-4517-816b-0651dbb6f69b', '127   Ст20 5 ; 6; 8; 12; 14', '127-20-5-6-8-12-14', (SELECT id FROM categories WHERE slug='truby-i-profil'), 'т', 'https://mc.ru') ON CONFLICT DO NOTHING;
INSERT INTO price_items (id, product_id, supplier_id, price_base, price_markup, currency, stock_qty) VALUES ('c30a0d99-320d-41ed-9f8c-215e3ef1c28a', '892c3859-94bb-4517-816b-0651dbb6f69b', 'a2000000-0000-0000-0000-000000000001', 114990.00, 124189.20, 'RUB', 1000) ON CONFLICT DO NOTHING;
INSERT INTO products (id, name, slug, category_id, unit, description) VALUES ('9bff8629-326d-4ff0-952f-702a096651d1', '57   Ст20 5 ; 6; 7; 8', '57-20-5-6-7-8', (SELECT id FROM categories WHERE slug='truby-i-profil'), 'т', 'https://mc.ru') ON CONFLICT DO NOTHING;
INSERT INTO price_items (id, product_id, supplier_id, price_base, price_markup, currency, stock_qty) VALUES ('8c1b99bc-2198-4c8b-9527-413db795c40d', '9bff8629-326d-4ff0-952f-702a096651d1', 'a2000000-0000-0000-0000-000000000001', 119990.00, 129589.20, 'RUB', 1000) ON CONFLICT DO NOTHING;
INSERT INTO products (id, name, slug, category_id, unit, description) VALUES ('854678c5-ae8e-4cb1-b710-aa937978d8bf', '127   Ст20 25 ; 28; 30', '127-20-25-28-30', (SELECT id FROM categories WHERE slug='truby-i-profil'), 'т', 'https://mc.ru') ON CONFLICT DO NOTHING;
INSERT INTO price_items (id, product_id, supplier_id, price_base, price_markup, currency, stock_qty) VALUES ('5d7bd116-984e-4fde-9e4f-719f62c55a85', '854678c5-ae8e-4cb1-b710-aa937978d8bf', 'a2000000-0000-0000-0000-000000000001', 119990.00, 129589.20, 'RUB', 1000) ON CONFLICT DO NOTHING;
INSERT INTO products (id, name, slug, category_id, unit, description) VALUES ('1356d48f-ff45-4f99-99e2-fec17d5d1ed1', '57   Ст20 10 ; 12; 14', '57-20-10-12-14', (SELECT id FROM categories WHERE slug='truby-i-profil'), 'т', 'https://mc.ru') ON CONFLICT DO NOTHING;
INSERT INTO price_items (id, product_id, supplier_id, price_base, price_markup, currency, stock_qty) VALUES ('d1f87ee5-7265-4035-9dd9-07c26dd5adda', '1356d48f-ff45-4f99-99e2-fec17d5d1ed1', 'a2000000-0000-0000-0000-000000000001', 139990.00, 151189.20, 'RUB', 1000) ON CONFLICT DO NOTHING;
INSERT INTO products (id, name, slug, category_id, unit, description) VALUES ('8f3a8c36-dc20-47cd-8f4c-2010bb0d3fac', '133   Ст20 5 ; 6; 7; 8; 10', '133-20-5-6-7-8-10', (SELECT id FROM categories WHERE slug='truby-i-profil'), 'т', 'https://mc.ru') ON CONFLICT DO NOTHING;
INSERT INTO price_items (id, product_id, supplier_id, price_base, price_markup, currency, stock_qty) VALUES ('14c1585b-9a6d-4fdf-b76f-cd0b34a08952', '8f3a8c36-dc20-47cd-8f4c-2010bb0d3fac', 'a2000000-0000-0000-0000-000000000001', 114990.00, 124189.20, 'RUB', 1000) ON CONFLICT DO NOTHING;
INSERT INTO products (id, name, slug, category_id, unit, description) VALUES ('7ba42068-8bc7-4cd3-9728-65d5adc61e55', '60   Ст10 8', '60-10-8', (SELECT id FROM categories WHERE slug='truby-i-profil'), 'т', 'https://mc.ru') ON CONFLICT DO NOTHING;
INSERT INTO price_items (id, product_id, supplier_id, price_base, price_markup, currency, stock_qty) VALUES ('a9a80715-2e46-4aa0-a779-68fbfda7a624', '7ba42068-8bc7-4cd3-9728-65d5adc61e55', 'a2000000-0000-0000-0000-000000000001', 119990.00, 129589.20, 'RUB', 1000) ON CONFLICT DO NOTHING;
INSERT INTO products (id, name, slug, category_id, unit, description) VALUES ('9a80a7d1-2905-4487-a5ab-0e59d8381c42', '60   Ст10 14', '60-10-14', (SELECT id FROM categories WHERE slug='truby-i-profil'), 'т', 'https://mc.ru') ON CONFLICT DO NOTHING;
INSERT INTO price_items (id, product_id, supplier_id, price_base, price_markup, currency, stock_qty) VALUES ('a3628b33-9baf-46d5-9c66-c593f90ba8d1', '9a80a7d1-2905-4487-a5ab-0e59d8381c42', 'a2000000-0000-0000-0000-000000000001', 129990.00, 140389.20, 'RUB', 1000) ON CONFLICT DO NOTHING;
INSERT INTO products (id, name, slug, category_id, unit, description) VALUES ('e0c310b0-6903-4749-9f45-fdaeb469415c', '60   Ст20 3,5 ; 4; 5; 8', '60-20-3-5-4-5-8', (SELECT id FROM categories WHERE slug='truby-i-profil'), 'т', 'https://mc.ru') ON CONFLICT DO NOTHING;
INSERT INTO price_items (id, product_id, supplier_id, price_base, price_markup, currency, stock_qty) VALUES ('8b56c4bc-32ca-4da2-ad65-581d909d7b2f', 'e0c310b0-6903-4749-9f45-fdaeb469415c', 'a2000000-0000-0000-0000-000000000001', 119990.00, 129589.20, 'RUB', 1000) ON CONFLICT DO NOTHING;
INSERT INTO products (id, name, slug, category_id, unit, description) VALUES ('e5425dde-2760-4a94-9c6c-a4b2069335fc', '133   Ст20 25 ; 28', '133-20-25-28', (SELECT id FROM categories WHERE slug='truby-i-profil'), 'т', 'https://mc.ru') ON CONFLICT DO NOTHING;
INSERT INTO price_items (id, product_id, supplier_id, price_base, price_markup, currency, stock_qty) VALUES ('0d82e0da-c53e-49fb-a530-a1ad9aa0e65f', 'e5425dde-2760-4a94-9c6c-a4b2069335fc', 'a2000000-0000-0000-0000-000000000001', 119990.00, 129589.20, 'RUB', 1000) ON CONFLICT DO NOTHING;
INSERT INTO products (id, name, slug, category_id, unit, description) VALUES ('641609c6-06b4-471c-a562-3c64e0714ae9', '60   Ст20 10 ; 12; 14', '60-20-10-12-14', (SELECT id FROM categories WHERE slug='truby-i-profil'), 'т', 'https://mc.ru') ON CONFLICT DO NOTHING;
INSERT INTO price_items (id, product_id, supplier_id, price_base, price_markup, currency, stock_qty) VALUES ('3418a093-0832-4ea2-8b6a-244f8a8c541f', '641609c6-06b4-471c-a562-3c64e0714ae9', 'a2000000-0000-0000-0000-000000000001', 129990.00, 140389.20, 'RUB', 1000) ON CONFLICT DO NOTHING;
INSERT INTO products (id, name, slug, category_id, unit, description) VALUES ('e9300670-2882-411f-9060-d118ee271791', '133   Ст20 30 ; 32; 36', '133-20-30-32-36', (SELECT id FROM categories WHERE slug='truby-i-profil'), 'т', 'https://mc.ru') ON CONFLICT DO NOTHING;
INSERT INTO price_items (id, product_id, supplier_id, price_base, price_markup, currency, stock_qty) VALUES ('a282c88d-36d6-4be9-88da-ea8db4601f68', 'e9300670-2882-411f-9060-d118ee271791', 'a2000000-0000-0000-0000-000000000001', 129990.00, 140389.20, 'RUB', 1000) ON CONFLICT DO NOTHING;
INSERT INTO products (id, name, slug, category_id, unit, description) VALUES ('1514f7ce-1c70-4b09-a4ae-4161bb7c3013', '63.5   Ст20 5 ; 6; 8', '63-5-20-5-6-8', (SELECT id FROM categories WHERE slug='truby-i-profil'), 'т', 'https://mc.ru') ON CONFLICT DO NOTHING;
INSERT INTO price_items (id, product_id, supplier_id, price_base, price_markup, currency, stock_qty) VALUES ('8f6ad5b5-bcd8-44fc-91d3-8db5a643df40', '1514f7ce-1c70-4b09-a4ae-4161bb7c3013', 'a2000000-0000-0000-0000-000000000001', 119990.00, 129589.20, 'RUB', 1000) ON CONFLICT DO NOTHING;
INSERT INTO products (id, name, slug, category_id, unit, description) VALUES ('decbf2ef-92e2-4581-9e77-415024a2b131', '133   Ст35   Ст35 32', '133-35-35-32', (SELECT id FROM categories WHERE slug='truby-i-profil'), 'т', 'https://mc.ru') ON CONFLICT DO NOTHING;
INSERT INTO price_items (id, product_id, supplier_id, price_base, price_markup, currency, stock_qty) VALUES ('ead14b26-28f5-46ce-a95e-daaa8aa4dcad', 'decbf2ef-92e2-4581-9e77-415024a2b131', 'a2000000-0000-0000-0000-000000000001', 129990.00, 140389.20, 'RUB', 1000) ON CONFLICT DO NOTHING;
INSERT INTO products (id, name, slug, category_id, unit, description) VALUES ('b4bcc5af-3a4f-4829-8ccc-815b0f3794ee', '63.5   Ст20 10 ; 12; 14', '63-5-20-10-12-14', (SELECT id FROM categories WHERE slug='truby-i-profil'), 'т', 'https://mc.ru') ON CONFLICT DO NOTHING;
INSERT INTO price_items (id, product_id, supplier_id, price_base, price_markup, currency, stock_qty) VALUES ('a7b6d797-2664-4577-870a-d6682a79b743', 'b4bcc5af-3a4f-4829-8ccc-815b0f3794ee', 'a2000000-0000-0000-0000-000000000001', 129990.00, 140389.20, 'RUB', 1000) ON CONFLICT DO NOTHING;
INSERT INTO products (id, name, slug, category_id, unit, description) VALUES ('33944ca9-d360-4f1e-9c2d-db7f0676168a', '140   Ст20 5 ; 6; 8; 10; 12', '140-20-5-6-8-10-12', (SELECT id FROM categories WHERE slug='truby-i-profil'), 'т', 'https://mc.ru') ON CONFLICT DO NOTHING;
INSERT INTO price_items (id, product_id, supplier_id, price_base, price_markup, currency, stock_qty) VALUES ('8d381af0-b53d-47fc-ad7c-623ed1008177', '33944ca9-d360-4f1e-9c2d-db7f0676168a', 'a2000000-0000-0000-0000-000000000001', 114990.00, 124189.20, 'RUB', 1000) ON CONFLICT DO NOTHING;
INSERT INTO products (id, name, slug, category_id, unit, description) VALUES ('f694c762-18da-46ab-b607-6492a7c09c66', '68   Ст10 12', '68-10-12', (SELECT id FROM categories WHERE slug='truby-i-profil'), 'т', 'https://mc.ru') ON CONFLICT DO NOTHING;
INSERT INTO price_items (id, product_id, supplier_id, price_base, price_markup, currency, stock_qty) VALUES ('7875057a-7055-4aec-bb2b-87b315677cf5', 'f694c762-18da-46ab-b607-6492a7c09c66', 'a2000000-0000-0000-0000-000000000001', 129990.00, 140389.20, 'RUB', 1000) ON CONFLICT DO NOTHING;
INSERT INTO products (id, name, slug, category_id, unit, description) VALUES ('b8c9e491-0d6d-44cd-863e-a51b5df69c70', '68   Ст20 4 ; 5; 6; 8', '68-20-4-5-6-8', (SELECT id FROM categories WHERE slug='truby-i-profil'), 'т', 'https://mc.ru') ON CONFLICT DO NOTHING;
INSERT INTO price_items (id, product_id, supplier_id, price_base, price_markup, currency, stock_qty) VALUES ('2ee75350-6f2e-41ac-9ade-f3c8d3e5c853', 'b8c9e491-0d6d-44cd-863e-a51b5df69c70', 'a2000000-0000-0000-0000-000000000001', 119990.00, 129589.20, 'RUB', 1000) ON CONFLICT DO NOTHING;
INSERT INTO products (id, name, slug, category_id, unit, description) VALUES ('3b81551f-b734-4ef6-b2de-8b62651a4f2b', '68   Ст20 10 ; 12; 14', '68-20-10-12-14', (SELECT id FROM categories WHERE slug='truby-i-profil'), 'т', 'https://mc.ru') ON CONFLICT DO NOTHING;
INSERT INTO price_items (id, product_id, supplier_id, price_base, price_markup, currency, stock_qty) VALUES ('828079ec-6362-4417-8f7b-6526f0dafd39', '3b81551f-b734-4ef6-b2de-8b62651a4f2b', 'a2000000-0000-0000-0000-000000000001', 129990.00, 140389.20, 'RUB', 1000) ON CONFLICT DO NOTHING;
INSERT INTO products (id, name, slug, category_id, unit, description) VALUES ('25416b68-e2ef-4662-b5e6-2fdccbc7c22b', '140   Ст20 30', '140-20-30', (SELECT id FROM categories WHERE slug='truby-i-profil'), 'т', 'https://mc.ru') ON CONFLICT DO NOTHING;
INSERT INTO price_items (id, product_id, supplier_id, price_base, price_markup, currency, stock_qty) VALUES ('0379af8b-3c1e-434e-9bb3-d9a90b6fe473', '25416b68-e2ef-4662-b5e6-2fdccbc7c22b', 'a2000000-0000-0000-0000-000000000001', 119990.00, 129589.20, 'RUB', 1000) ON CONFLICT DO NOTHING;
INSERT INTO products (id, name, slug, category_id, unit, description) VALUES ('d8248004-c3c4-4d81-b218-8457d40044aa', '70   Ст10 8', '70-10-8', (SELECT id FROM categories WHERE slug='truby-i-profil'), 'т', 'https://mc.ru') ON CONFLICT DO NOTHING;
INSERT INTO price_items (id, product_id, supplier_id, price_base, price_markup, currency, stock_qty) VALUES ('160f2f67-f4b3-4c2d-b8e3-7e5bdf0ce8ae', 'd8248004-c3c4-4d81-b218-8457d40044aa', 'a2000000-0000-0000-0000-000000000001', 119990.00, 129589.20, 'RUB', 1000) ON CONFLICT DO NOTHING;
INSERT INTO products (id, name, slug, category_id, unit, description) VALUES ('1b8575fa-8a67-4a5a-a1fa-84c470718b93', '140   Ст20 32 ; 36', '140-20-32-36', (SELECT id FROM categories WHERE slug='truby-i-profil'), 'т', 'https://mc.ru') ON CONFLICT DO NOTHING;
INSERT INTO price_items (id, product_id, supplier_id, price_base, price_markup, currency, stock_qty) VALUES ('9f22d21e-bb56-4ce9-81b1-b1a259161b8c', '1b8575fa-8a67-4a5a-a1fa-84c470718b93', 'a2000000-0000-0000-0000-000000000001', 129990.00, 140389.20, 'RUB', 1000) ON CONFLICT DO NOTHING;
INSERT INTO products (id, name, slug, category_id, unit, description) VALUES ('ce4c059b-935b-4008-8870-9e14d3538e95', '70   Ст10', '70-10', (SELECT id FROM categories WHERE slug='truby-i-profil'), 'т', 'https://mc.ru') ON CONFLICT DO NOTHING;
INSERT INTO price_items (id, product_id, supplier_id, price_base, price_markup, currency, stock_qty) VALUES ('91574e5e-24cd-4db5-ab20-166db2208e47', 'ce4c059b-935b-4008-8870-9e14d3538e95', 'a2000000-0000-0000-0000-000000000001', 129990.00, 140389.20, 'RUB', 1000) ON CONFLICT DO NOTHING;
INSERT INTO products (id, name, slug, category_id, unit, description) VALUES ('172a6bee-fe94-499c-96b0-2907408b4417', '146   Ст10 20', '146-10-20', (SELECT id FROM categories WHERE slug='truby-i-profil'), 'т', 'https://mc.ru') ON CONFLICT DO NOTHING;
INSERT INTO price_items (id, product_id, supplier_id, price_base, price_markup, currency, stock_qty) VALUES ('7f2e4795-4299-4b93-a4b2-8cd4dbeb4063', '172a6bee-fe94-499c-96b0-2907408b4417', 'a2000000-0000-0000-0000-000000000001', 114990.00, 124189.20, 'RUB', 1000) ON CONFLICT DO NOTHING;
INSERT INTO products (id, name, slug, category_id, unit, description) VALUES ('1df6c5f4-3435-4d8e-988d-60cc4ac0d59e', '70   Ст20 8', '70-20-8', (SELECT id FROM categories WHERE slug='truby-i-profil'), 'т', 'https://mc.ru') ON CONFLICT DO NOTHING;
INSERT INTO price_items (id, product_id, supplier_id, price_base, price_markup, currency, stock_qty) VALUES ('47c56cb1-97c6-400a-848e-e48c3cbaa6da', '1df6c5f4-3435-4d8e-988d-60cc4ac0d59e', 'a2000000-0000-0000-0000-000000000001', 119990.00, 129589.20, 'RUB', 1000) ON CONFLICT DO NOTHING;
INSERT INTO products (id, name, slug, category_id, unit, description) VALUES ('fcf7838d-4ba2-4f1c-89f8-2efd26744ee0', '146   Ст20 5 ; 6; 8; 10; 12', '146-20-5-6-8-10-12', (SELECT id FROM categories WHERE slug='truby-i-profil'), 'т', 'https://mc.ru') ON CONFLICT DO NOTHING;
INSERT INTO price_items (id, product_id, supplier_id, price_base, price_markup, currency, stock_qty) VALUES ('e826ef97-b9fd-44d0-998a-5780bc25a3d2', 'fcf7838d-4ba2-4f1c-89f8-2efd26744ee0', 'a2000000-0000-0000-0000-000000000001', 114990.00, 124189.20, 'RUB', 1000) ON CONFLICT DO NOTHING;
INSERT INTO products (id, name, slug, category_id, unit, description) VALUES ('fd22d629-71a9-4718-9674-f95b767b5cf4', '70   Ст20 10 ; 12; 14; 16', '70-20-10-12-14-16', (SELECT id FROM categories WHERE slug='truby-i-profil'), 'т', 'https://mc.ru') ON CONFLICT DO NOTHING;
INSERT INTO price_items (id, product_id, supplier_id, price_base, price_markup, currency, stock_qty) VALUES ('669006ec-e532-42df-97fa-c2cab028617e', 'fd22d629-71a9-4718-9674-f95b767b5cf4', 'a2000000-0000-0000-0000-000000000001', 129990.00, 140389.20, 'RUB', 1000) ON CONFLICT DO NOTHING;
INSERT INTO products (id, name, slug, category_id, unit, description) VALUES ('e67da5bf-6d09-4a65-9106-3057c4f618ec', '73   Ст10 8', '73-10-8', (SELECT id FROM categories WHERE slug='truby-i-profil'), 'т', 'https://mc.ru') ON CONFLICT DO NOTHING;
INSERT INTO price_items (id, product_id, supplier_id, price_base, price_markup, currency, stock_qty) VALUES ('70c920c7-312d-4bf6-b51c-f4e617c360ba', 'e67da5bf-6d09-4a65-9106-3057c4f618ec', 'a2000000-0000-0000-0000-000000000001', 114990.00, 124189.20, 'RUB', 1000) ON CONFLICT DO NOTHING;
INSERT INTO products (id, name, slug, category_id, unit, description) VALUES ('85852f87-6206-449f-8667-1d678bcf9b58', '146   Ст20 28', '146-20-28', (SELECT id FROM categories WHERE slug='truby-i-profil'), 'т', 'https://mc.ru') ON CONFLICT DO NOTHING;
INSERT INTO price_items (id, product_id, supplier_id, price_base, price_markup, currency, stock_qty) VALUES ('79aaf127-6226-4c09-92de-69755cb74b63', '85852f87-6206-449f-8667-1d678bcf9b58', 'a2000000-0000-0000-0000-000000000001', 119990.00, 129589.20, 'RUB', 1000) ON CONFLICT DO NOTHING;
INSERT INTO products (id, name, slug, category_id, unit, description) VALUES ('b8572f0e-46ef-475f-9860-6cb652e5cb33', '73   Ст20 4 ; 5; 6; 8', '73-20-4-5-6-8', (SELECT id FROM categories WHERE slug='truby-i-profil'), 'т', 'https://mc.ru') ON CONFLICT DO NOTHING;
INSERT INTO price_items (id, product_id, supplier_id, price_base, price_markup, currency, stock_qty) VALUES ('01194275-5f06-44c8-9132-5af2291bbf09', 'b8572f0e-46ef-475f-9860-6cb652e5cb33', 'a2000000-0000-0000-0000-000000000001', 114990.00, 124189.20, 'RUB', 1000) ON CONFLICT DO NOTHING;
INSERT INTO products (id, name, slug, category_id, unit, description) VALUES ('68117f12-c2a3-437a-8f4a-eb87b9c400e3', '146   Ст20 30 ; 32; 36', '146-20-30-32-36', (SELECT id FROM categories WHERE slug='truby-i-profil'), 'т', 'https://mc.ru') ON CONFLICT DO NOTHING;
INSERT INTO price_items (id, product_id, supplier_id, price_base, price_markup, currency, stock_qty) VALUES ('0a40f2f5-ae59-4533-bf62-07a4426992ca', '68117f12-c2a3-437a-8f4a-eb87b9c400e3', 'a2000000-0000-0000-0000-000000000001', 129990.00, 140389.20, 'RUB', 1000) ON CONFLICT DO NOTHING;
INSERT INTO products (id, name, slug, category_id, unit, description) VALUES ('84c0ec73-ccf1-4126-835d-f98d0b23f22f', '73   Ст20 10 ; 12; 14; 16', '73-20-10-12-14-16', (SELECT id FROM categories WHERE slug='truby-i-profil'), 'т', 'https://mc.ru') ON CONFLICT DO NOTHING;
INSERT INTO price_items (id, product_id, supplier_id, price_base, price_markup, currency, stock_qty) VALUES ('847a73d8-9597-4dc1-aef7-aafb22414957', '84c0ec73-ccf1-4126-835d-f98d0b23f22f', 'a2000000-0000-0000-0000-000000000001', 119990.00, 129589.20, 'RUB', 1000) ON CONFLICT DO NOTHING;
INSERT INTO products (id, name, slug, category_id, unit, description) VALUES ('10b82ace-d6fc-4b1a-b06e-16b2ecd9cfae', '152   Ст20 5 ; 6; 8; 10; 12', '152-20-5-6-8-10-12', (SELECT id FROM categories WHERE slug='truby-i-profil'), 'т', 'https://mc.ru') ON CONFLICT DO NOTHING;
INSERT INTO price_items (id, product_id, supplier_id, price_base, price_markup, currency, stock_qty) VALUES ('562531c9-486f-42d2-805e-0abab4f0c7ea', '10b82ace-d6fc-4b1a-b06e-16b2ecd9cfae', 'a2000000-0000-0000-0000-000000000001', 119990.00, 129589.20, 'RUB', 1000) ON CONFLICT DO NOTHING;
INSERT INTO products (id, name, slug, category_id, unit, description) VALUES ('0f12f95d-3621-4b46-88f6-83cbd3421f28', '76   09Г2С   09Г2С 3,5 ; 4', '76-09-2-09-2-3-5-4', (SELECT id FROM categories WHERE slug='truby-i-profil'), 'т', 'https://mc.ru') ON CONFLICT DO NOTHING;
INSERT INTO price_items (id, product_id, supplier_id, price_base, price_markup, currency, stock_qty) VALUES ('d351e8cb-2930-4947-aca3-192d8b9eb8ee', '0f12f95d-3621-4b46-88f6-83cbd3421f28', 'a2000000-0000-0000-0000-000000000001', 119990.00, 129589.20, 'RUB', 1000) ON CONFLICT DO NOTHING;
INSERT INTO products (id, name, slug, category_id, unit, description) VALUES ('75b78e0c-c414-4bee-a6c4-5bc7abfa974f', '152   Ст20 30 ; 32; 36; 40', '152-20-30-32-36-40', (SELECT id FROM categories WHERE slug='truby-i-profil'), 'т', 'https://mc.ru') ON CONFLICT DO NOTHING;
INSERT INTO price_items (id, product_id, supplier_id, price_base, price_markup, currency, stock_qty) VALUES ('657f3fa6-66fb-4e33-b6b3-3071bdb029e3', '75b78e0c-c414-4bee-a6c4-5bc7abfa974f', 'a2000000-0000-0000-0000-000000000001', 129990.00, 140389.20, 'RUB', 1000) ON CONFLICT DO NOTHING;
INSERT INTO products (id, name, slug, category_id, unit, description) VALUES ('16891329-2005-4e1b-8093-20c7850d4286', '76   Ст20 4 ; 5; 6; 7; 10', '76-20-4-5-6-7-10', (SELECT id FROM categories WHERE slug='truby-i-profil'), 'т', 'https://mc.ru') ON CONFLICT DO NOTHING;
INSERT INTO price_items (id, product_id, supplier_id, price_base, price_markup, currency, stock_qty) VALUES ('eca111c1-ee4a-445d-b978-185d1e87b7ae', '16891329-2005-4e1b-8093-20c7850d4286', 'a2000000-0000-0000-0000-000000000001', 114990.00, 124189.20, 'RUB', 1000) ON CONFLICT DO NOTHING;
INSERT INTO products (id, name, slug, category_id, unit, description) VALUES ('5a6b1082-0905-4291-a790-397554b6b864', '159   09Г2С   09Г2С 6 ; 8', '159-09-2-09-2-6-8', (SELECT id FROM categories WHERE slug='truby-i-profil'), 'т', 'https://mc.ru') ON CONFLICT DO NOTHING;
INSERT INTO price_items (id, product_id, supplier_id, price_base, price_markup, currency, stock_qty) VALUES ('b0d9f3af-8490-4b3b-ac57-77f973fac406', '5a6b1082-0905-4291-a790-397554b6b864', 'a2000000-0000-0000-0000-000000000001', 119990.00, 129589.20, 'RUB', 1000) ON CONFLICT DO NOTHING;
INSERT INTO products (id, name, slug, category_id, unit, description) VALUES ('c62c9094-bdd6-4bdb-9f68-54a50b8fa916', '76   Ст20 18', '76-20-18', (SELECT id FROM categories WHERE slug='truby-i-profil'), 'т', 'https://mc.ru') ON CONFLICT DO NOTHING;
INSERT INTO price_items (id, product_id, supplier_id, price_base, price_markup, currency, stock_qty) VALUES ('3ab4ef34-bc87-4811-b9dc-51d361487a88', 'c62c9094-bdd6-4bdb-9f68-54a50b8fa916', 'a2000000-0000-0000-0000-000000000001', 119990.00, 129589.20, 'RUB', 1000) ON CONFLICT DO NOTHING;
INSERT INTO products (id, name, slug, category_id, unit, description) VALUES ('06f54ebb-3cc0-4ab5-9d55-dbd7891481fa', '159   Ст10 6', '159-10-6', (SELECT id FROM categories WHERE slug='truby-i-profil'), 'т', 'https://mc.ru') ON CONFLICT DO NOTHING;
INSERT INTO price_items (id, product_id, supplier_id, price_base, price_markup, currency, stock_qty) VALUES ('34179ee9-ebba-43ba-9994-f7500eb9f378', '06f54ebb-3cc0-4ab5-9d55-dbd7891481fa', 'a2000000-0000-0000-0000-000000000001', 114990.00, 124189.20, 'RUB', 1000) ON CONFLICT DO NOTHING;
INSERT INTO products (id, name, slug, category_id, unit, description) VALUES ('4e4feca7-40f9-4706-a97d-6f8cc1066d40', '83   Ст20 4 ; 5; 6; 8; 10', '83-20-4-5-6-8-10', (SELECT id FROM categories WHERE slug='truby-i-profil'), 'т', 'https://mc.ru') ON CONFLICT DO NOTHING;
INSERT INTO price_items (id, product_id, supplier_id, price_base, price_markup, currency, stock_qty) VALUES ('c965b337-a364-486d-b8de-ebc7f1b84a9c', '4e4feca7-40f9-4706-a97d-6f8cc1066d40', 'a2000000-0000-0000-0000-000000000001', 114990.00, 124189.20, 'RUB', 1000) ON CONFLICT DO NOTHING;
INSERT INTO products (id, name, slug, category_id, unit, description) VALUES ('7b3d2412-d3a7-4a61-8fa0-fc8fc4653fd5', '159   Ст20 4,5 ; 5; 6; 7; 10', '159-20-4-5-5-6-7-10', (SELECT id FROM categories WHERE slug='truby-i-profil'), 'т', 'https://mc.ru') ON CONFLICT DO NOTHING;
INSERT INTO price_items (id, product_id, supplier_id, price_base, price_markup, currency, stock_qty) VALUES ('b96042b6-7ec8-40b6-b3e9-373afd42a04c', '7b3d2412-d3a7-4a61-8fa0-fc8fc4653fd5', 'a2000000-0000-0000-0000-000000000001', 114990.00, 124189.20, 'RUB', 1000) ON CONFLICT DO NOTHING;
INSERT INTO products (id, name, slug, category_id, unit, description) VALUES ('f1f2011f-334c-4bcb-9c06-14d448f5ac17', '89   09Г2С   09Г2С 4 ; 5; 6', '89-09-2-09-2-4-5-6', (SELECT id FROM categories WHERE slug='truby-i-profil'), 'т', 'https://mc.ru') ON CONFLICT DO NOTHING;
INSERT INTO price_items (id, product_id, supplier_id, price_base, price_markup, currency, stock_qty) VALUES ('8b32a12a-ca24-417f-8beb-fff7c0894b00', 'f1f2011f-334c-4bcb-9c06-14d448f5ac17', 'a2000000-0000-0000-0000-000000000001', 119990.00, 129589.20, 'RUB', 1000) ON CONFLICT DO NOTHING;
INSERT INTO products (id, name, slug, category_id, unit, description) VALUES ('9648ff4a-2ac0-43cb-8f92-c8221039581f', '159   Ст20 28', '159-20-28', (SELECT id FROM categories WHERE slug='truby-i-profil'), 'т', 'https://mc.ru') ON CONFLICT DO NOTHING;
INSERT INTO price_items (id, product_id, supplier_id, price_base, price_markup, currency, stock_qty) VALUES ('e6bf00a8-e89a-47e2-96a0-c43448787062', '9648ff4a-2ac0-43cb-8f92-c8221039581f', 'a2000000-0000-0000-0000-000000000001', 129990.00, 140389.20, 'RUB', 1000) ON CONFLICT DO NOTHING;
INSERT INTO products (id, name, slug, category_id, unit, description) VALUES ('d8398210-42eb-44bd-b345-2a0299631651', '159   Ст20 30 ; 32; 36', '159-20-30-32-36', (SELECT id FROM categories WHERE slug='truby-i-profil'), 'т', 'https://mc.ru') ON CONFLICT DO NOTHING;
INSERT INTO price_items (id, product_id, supplier_id, price_base, price_markup, currency, stock_qty) VALUES ('b9ae816c-ea58-4fc3-a1e9-b81cdc8ac827', 'd8398210-42eb-44bd-b345-2a0299631651', 'a2000000-0000-0000-0000-000000000001', 139990.00, 151189.20, 'RUB', 1000) ON CONFLICT DO NOTHING;
INSERT INTO products (id, name, slug, category_id, unit, description) VALUES ('bd4d2190-fc41-4bc4-939f-a7fe29dd85e4', '89   Ст10 4 ; 10', '89-10-4-10', (SELECT id FROM categories WHERE slug='truby-i-profil'), 'т', 'https://mc.ru') ON CONFLICT DO NOTHING;
INSERT INTO price_items (id, product_id, supplier_id, price_base, price_markup, currency, stock_qty) VALUES ('e34eac39-95e9-4daf-b1cd-dec42fedbcab', 'bd4d2190-fc41-4bc4-939f-a7fe29dd85e4', 'a2000000-0000-0000-0000-000000000001', 114990.00, 124189.20, 'RUB', 1000) ON CONFLICT DO NOTHING;
INSERT INTO products (id, name, slug, category_id, unit, description) VALUES ('a61a703d-b053-4d57-b992-86d47030aa40', '168   Ст20 7 ; 10; 12; 14; 16', '168-20-7-10-12-14-16', (SELECT id FROM categories WHERE slug='truby-i-profil'), 'т', 'https://mc.ru') ON CONFLICT DO NOTHING;
INSERT INTO price_items (id, product_id, supplier_id, price_base, price_markup, currency, stock_qty) VALUES ('abfc734e-f430-4fc1-baf3-5415fbbc30ca', 'a61a703d-b053-4d57-b992-86d47030aa40', 'a2000000-0000-0000-0000-000000000001', 114990.00, 124189.20, 'RUB', 1000) ON CONFLICT DO NOTHING;
INSERT INTO products (id, name, slug, category_id, unit, description) VALUES ('2f269606-f22a-430b-9f44-902ebda72014', '89   Ст20 3,5', '89-20-3-5', (SELECT id FROM categories WHERE slug='truby-i-profil'), 'т', 'https://mc.ru') ON CONFLICT DO NOTHING;
INSERT INTO price_items (id, product_id, supplier_id, price_base, price_markup, currency, stock_qty) VALUES ('2ab77aca-c9bc-442b-aab5-f122b8f6b91d', '2f269606-f22a-430b-9f44-902ebda72014', 'a2000000-0000-0000-0000-000000000001', 119990.00, 129589.20, 'RUB', 1000) ON CONFLICT DO NOTHING;
INSERT INTO products (id, name, slug, category_id, unit, description) VALUES ('12d5c7bb-44df-4293-87de-f5bd45a86d1e', '89   Ст20 4,5 ; 5; 6; 8; 9', '89-20-4-5-5-6-8-9', (SELECT id FROM categories WHERE slug='truby-i-profil'), 'т', 'https://mc.ru') ON CONFLICT DO NOTHING;
INSERT INTO price_items (id, product_id, supplier_id, price_base, price_markup, currency, stock_qty) VALUES ('a6c3f453-c66a-4e3c-942a-f055d2c09cc5', '12d5c7bb-44df-4293-87de-f5bd45a86d1e', 'a2000000-0000-0000-0000-000000000001', 114990.00, 124189.20, 'RUB', 1000) ON CONFLICT DO NOTHING;
INSERT INTO products (id, name, slug, category_id, unit, description) VALUES ('7c681efb-94cb-4270-bd0f-c9e43b001aa4', '168   Ст20 28', '168-20-28', (SELECT id FROM categories WHERE slug='truby-i-profil'), 'т', 'https://mc.ru') ON CONFLICT DO NOTHING;
INSERT INTO price_items (id, product_id, supplier_id, price_base, price_markup, currency, stock_qty) VALUES ('44904736-7b8b-4d9d-ab3e-45b99e415698', '7c681efb-94cb-4270-bd0f-c9e43b001aa4', 'a2000000-0000-0000-0000-000000000001', 139990.00, 151189.20, 'RUB', 1000) ON CONFLICT DO NOTHING;
INSERT INTO products (id, name, slug, category_id, unit, description) VALUES ('95eee176-40f1-4063-9065-1f308c1e7284', '168   Ст20 30 ; 32', '168-20-30-32', (SELECT id FROM categories WHERE slug='truby-i-profil'), 'т', 'https://mc.ru') ON CONFLICT DO NOTHING;
INSERT INTO price_items (id, product_id, supplier_id, price_base, price_markup, currency, stock_qty) VALUES ('411be944-a9d2-49b0-b6e6-03ee51df1731', '95eee176-40f1-4063-9065-1f308c1e7284', 'a2000000-0000-0000-0000-000000000001', 129990.00, 140389.20, 'RUB', 1000) ON CONFLICT DO NOTHING;
INSERT INTO products (id, name, slug, category_id, unit, description) VALUES ('84393c09-de75-4325-81d3-24603834bc0f', '402   Ст20 50', '402-20-50', (SELECT id FROM categories WHERE slug='truby-i-profil'), 'т', 'https://mc.ru') ON CONFLICT DO NOTHING;
INSERT INTO price_items (id, product_id, supplier_id, price_base, price_markup, currency, stock_qty) VALUES ('3354e5d6-dc52-4758-b789-65b7c22cc88e', '84393c09-de75-4325-81d3-24603834bc0f', 'a2000000-0000-0000-0000-000000000001', 199990.00, 215989.20, 'RUB', 1000) ON CONFLICT DO NOTHING;
INSERT INTO products (id, name, slug, category_id, unit, description) VALUES ('0437af69-530b-4abc-a61c-d1ee0256ab7e', '426   Ст10 9', '426-10-9', (SELECT id FROM categories WHERE slug='truby-i-profil'), 'т', 'https://mc.ru') ON CONFLICT DO NOTHING;
INSERT INTO price_items (id, product_id, supplier_id, price_base, price_markup, currency, stock_qty) VALUES ('dea858f6-0651-41c4-ae0a-9ec1d8e70754', '0437af69-530b-4abc-a61c-d1ee0256ab7e', 'a2000000-0000-0000-0000-000000000001', 159990.00, 172789.20, 'RUB', 1000) ON CONFLICT DO NOTHING;
INSERT INTO products (id, name, slug, category_id, unit, description) VALUES ('1200593a-41ad-4e9c-84f4-d8abfa570654', '168   Ст20 36 ; 40; 45', '168-20-36-40-45', (SELECT id FROM categories WHERE slug='truby-i-profil'), 'т', 'https://mc.ru') ON CONFLICT DO NOTHING;
INSERT INTO price_items (id, product_id, supplier_id, price_base, price_markup, currency, stock_qty) VALUES ('22bd704a-53c7-410e-9742-f05a344090ed', '1200593a-41ad-4e9c-84f4-d8abfa570654', 'a2000000-0000-0000-0000-000000000001', 139990.00, 151189.20, 'RUB', 1000) ON CONFLICT DO NOTHING;
INSERT INTO products (id, name, slug, category_id, unit, description) VALUES ('2aac04a7-66b8-447b-b68e-cfd28e0521fc', '426   Ст20 9 ; 10; 12; 14; 16', '426-20-9-10-12-14-16', (SELECT id FROM categories WHERE slug='truby-i-profil'), 'т', 'https://mc.ru') ON CONFLICT DO NOTHING;
INSERT INTO price_items (id, product_id, supplier_id, price_base, price_markup, currency, stock_qty) VALUES ('083a0b37-fd9e-46e8-8c56-e8114d2f5c6a', '2aac04a7-66b8-447b-b68e-cfd28e0521fc', 'a2000000-0000-0000-0000-000000000001', 159990.00, 172789.20, 'RUB', 1000) ON CONFLICT DO NOTHING;
INSERT INTO products (id, name, slug, category_id, unit, description) VALUES ('95eea68d-fb47-40f5-a082-e435d2325e36', '168   Ст35   Ст35 36', '168-35-35-36', (SELECT id FROM categories WHERE slug='truby-i-profil'), 'т', 'https://mc.ru') ON CONFLICT DO NOTHING;
INSERT INTO price_items (id, product_id, supplier_id, price_base, price_markup, currency, stock_qty) VALUES ('d21ed417-7f36-4683-af1f-61af5ddf4a36', '95eea68d-fb47-40f5-a082-e435d2325e36', 'a2000000-0000-0000-0000-000000000001', 129990.00, 140389.20, 'RUB', 1000) ON CONFLICT DO NOTHING;
INSERT INTO products (id, name, slug, category_id, unit, description) VALUES ('5f9fcaf2-f7ea-4b5c-9a37-d1c9d770dc30', '168   Ст45   Ст45', '168-45-45', (SELECT id FROM categories WHERE slug='truby-i-profil'), 'т', 'https://mc.ru') ON CONFLICT DO NOTHING;
INSERT INTO price_items (id, product_id, supplier_id, price_base, price_markup, currency, stock_qty) VALUES ('3f475625-a15d-4176-af7c-c30e4477c4c9', '5f9fcaf2-f7ea-4b5c-9a37-d1c9d770dc30', 'a2000000-0000-0000-0000-000000000001', 129990.00, 140389.20, 'RUB', 1000) ON CONFLICT DO NOTHING;
INSERT INTO products (id, name, slug, category_id, unit, description) VALUES ('fef24d06-1074-421b-a1f5-ec4e6f3e1971', '426   Ст20 40 ; 50', '426-20-40-50', (SELECT id FROM categories WHERE slug='truby-i-profil'), 'т', 'https://mc.ru') ON CONFLICT DO NOTHING;
INSERT INTO price_items (id, product_id, supplier_id, price_base, price_markup, currency, stock_qty) VALUES ('9621d08d-7827-4fc7-9bf1-33d7e480edae', 'fef24d06-1074-421b-a1f5-ec4e6f3e1971', 'a2000000-0000-0000-0000-000000000001', 209990.00, 226789.20, 'RUB', 1000) ON CONFLICT DO NOTHING;
INSERT INTO products (id, name, slug, category_id, unit, description) VALUES ('73a75702-d2e8-44d9-b060-102e5d82f612', '180   Ст10 6 ; 20', '180-10-6-20', (SELECT id FROM categories WHERE slug='truby-i-profil'), 'т', 'https://mc.ru') ON CONFLICT DO NOTHING;
INSERT INTO price_items (id, product_id, supplier_id, price_base, price_markup, currency, stock_qty) VALUES ('9487307d-6edc-427d-9491-cd1bcb015c92', '73a75702-d2e8-44d9-b060-102e5d82f612', 'a2000000-0000-0000-0000-000000000001', 119990.00, 129589.20, 'RUB', 1000) ON CONFLICT DO NOTHING;
INSERT INTO products (id, name, slug, category_id, unit, description) VALUES ('8ba31452-9163-42b8-ae47-e5e14929c819', '450   Ст20 30', '450-20-30', (SELECT id FROM categories WHERE slug='truby-i-profil'), 'т', 'https://mc.ru') ON CONFLICT DO NOTHING;
INSERT INTO price_items (id, product_id, supplier_id, price_base, price_markup, currency, stock_qty) VALUES ('407f370c-9259-41ac-951c-5c78b868deb7', '8ba31452-9163-42b8-ae47-e5e14929c819', 'a2000000-0000-0000-0000-000000000001', 259990.00, 280789.20, 'RUB', 1000) ON CONFLICT DO NOTHING;
INSERT INTO products (id, name, slug, category_id, unit, description) VALUES ('9ced3b53-b5aa-4b4e-9126-5090f12f2f9b', '180   Ст20 5 ; 8; 12; 16; 18', '180-20-5-8-12-16-18', (SELECT id FROM categories WHERE slug='truby-i-profil'), 'т', 'https://mc.ru') ON CONFLICT DO NOTHING;
INSERT INTO price_items (id, product_id, supplier_id, price_base, price_markup, currency, stock_qty) VALUES ('a5dd9910-93b5-4de6-8fee-cee04872d527', '9ced3b53-b5aa-4b4e-9126-5090f12f2f9b', 'a2000000-0000-0000-0000-000000000001', 119990.00, 129589.20, 'RUB', 1000) ON CONFLICT DO NOTHING;
INSERT INTO products (id, name, slug, category_id, unit, description) VALUES ('1cbce269-0f5e-4cc4-93ac-978cb8761bc4', '450   Ст20 40 ; 50', '450-20-40-50', (SELECT id FROM categories WHERE slug='truby-i-profil'), 'т', 'https://mc.ru') ON CONFLICT DO NOTHING;
INSERT INTO price_items (id, product_id, supplier_id, price_base, price_markup, currency, stock_qty) VALUES ('86640ddf-4129-4f03-b2b4-da84f2983345', '1cbce269-0f5e-4cc4-93ac-978cb8761bc4', 'a2000000-0000-0000-0000-000000000001', 249990.00, 269989.20, 'RUB', 1000) ON CONFLICT DO NOTHING;
INSERT INTO products (id, name, slug, category_id, unit, description) VALUES ('702a4e5b-2be5-4654-97a5-37d37a6dc821', '530   Ст20 30 ; 40', '530-20-30-40', (SELECT id FROM categories WHERE slug='truby-i-profil'), 'т', 'https://mc.ru') ON CONFLICT DO NOTHING;
INSERT INTO price_items (id, product_id, supplier_id, price_base, price_markup, currency, stock_qty) VALUES ('075b2d1e-4701-4ae5-ab5e-c8af353c4834', '702a4e5b-2be5-4654-97a5-37d37a6dc821', 'a2000000-0000-0000-0000-000000000001', 279990.00, 302389.20, 'RUB', 1000) ON CONFLICT DO NOTHING;
INSERT INTO products (id, name, slug, category_id, unit, description) VALUES ('84776465-a9c4-4848-a71e-1cb59dfab842', '180   Ст20 28', '180-20-28', (SELECT id FROM categories WHERE slug='truby-i-profil'), 'т', 'https://mc.ru') ON CONFLICT DO NOTHING;
INSERT INTO price_items (id, product_id, supplier_id, price_base, price_markup, currency, stock_qty) VALUES ('6859683f-51f7-47f6-9406-361c6b0e1fec', '84776465-a9c4-4848-a71e-1cb59dfab842', 'a2000000-0000-0000-0000-000000000001', 129990.00, 140389.20, 'RUB', 1000) ON CONFLICT DO NOTHING;
INSERT INTO products (id, name, slug, category_id, unit, description) VALUES ('01285fc2-2cb8-43d5-aebb-a394d0de2a4a', '550   Ст20 25', '550-20-25', (SELECT id FROM categories WHERE slug='truby-i-profil'), 'т', 'https://mc.ru') ON CONFLICT DO NOTHING;
INSERT INTO price_items (id, product_id, supplier_id, price_base, price_markup, currency, stock_qty) VALUES ('728fcdb4-b25f-4a2f-b06b-4e5c5277979a', '01285fc2-2cb8-43d5-aebb-a394d0de2a4a', 'a2000000-0000-0000-0000-000000000001', 269990.00, 291589.20, 'RUB', 1000) ON CONFLICT DO NOTHING;
INSERT INTO products (id, name, slug, category_id, unit, description) VALUES ('d644bac1-8de3-4399-9f5b-4164c26699a6', '180   Ст20 30 ; 32; 36; 40', '180-20-30-32-36-40', (SELECT id FROM categories WHERE slug='truby-i-profil'), 'т', 'https://mc.ru') ON CONFLICT DO NOTHING;
INSERT INTO price_items (id, product_id, supplier_id, price_base, price_markup, currency, stock_qty) VALUES ('f1d737cc-3730-40c0-a1f2-834b91c48690', 'd644bac1-8de3-4399-9f5b-4164c26699a6', 'a2000000-0000-0000-0000-000000000001', 139990.00, 151189.20, 'RUB', 1000) ON CONFLICT DO NOTHING;
INSERT INTO products (id, name, slug, category_id, unit, description) VALUES ('c5b891ba-df3a-475e-a5cc-69946704b463', '550   Ст20 40', '550-20-40', (SELECT id FROM categories WHERE slug='truby-i-profil'), 'т', 'https://mc.ru') ON CONFLICT DO NOTHING;
INSERT INTO price_items (id, product_id, supplier_id, price_base, price_markup, currency, stock_qty) VALUES ('8d94cc33-6fd0-464a-89d4-defcc1eb0567', 'c5b891ba-df3a-475e-a5cc-69946704b463', 'a2000000-0000-0000-0000-000000000001', 279990.00, 302389.20, 'RUB', 1000) ON CONFLICT DO NOTHING;
INSERT INTO products (id, name, slug, category_id, unit, description) VALUES ('74c0b2e7-1d7b-4011-9b3d-9a835b120fc8', '550   Ст20', '550-20', (SELECT id FROM categories WHERE slug='truby-i-profil'), 'т', 'https://mc.ru') ON CONFLICT DO NOTHING;
INSERT INTO price_items (id, product_id, supplier_id, price_base, price_markup, currency, stock_qty) VALUES ('eeda72b4-abd1-4373-a7b3-33ffd62b6af4', '74c0b2e7-1d7b-4011-9b3d-9a835b120fc8', 'a2000000-0000-0000-0000-000000000001', 269990.00, 291589.20, 'RUB', 1000) ON CONFLICT DO NOTHING;
INSERT INTO products (id, name, slug, category_id, unit, description) VALUES ('2bb3d2d8-242f-44c2-a8d1-e9d729f6beba', '194   Ст10 6 ; 20', '194-10-6-20', (SELECT id FROM categories WHERE slug='truby-i-profil'), 'т', 'https://mc.ru') ON CONFLICT DO NOTHING;
INSERT INTO price_items (id, product_id, supplier_id, price_base, price_markup, currency, stock_qty) VALUES ('7c796bd3-5dbc-49f4-a660-a7486f85a98d', '2bb3d2d8-242f-44c2-a8d1-e9d729f6beba', 'a2000000-0000-0000-0000-000000000001', 119990.00, 129589.20, 'RUB', 1000) ON CONFLICT DO NOTHING;
INSERT INTO products (id, name, slug, category_id, unit, description) VALUES ('d5748240-71d8-4ef9-a057-cfdf6dc5d0e5', '194   Ст20 8 ; 10; 12; 15; 16', '194-20-8-10-12-15-16', (SELECT id FROM categories WHERE slug='truby-i-profil'), 'т', 'https://mc.ru') ON CONFLICT DO NOTHING;
INSERT INTO price_items (id, product_id, supplier_id, price_base, price_markup, currency, stock_qty) VALUES ('b6ea3b70-8c65-4cff-be3c-296bd02663b3', 'd5748240-71d8-4ef9-a057-cfdf6dc5d0e5', 'a2000000-0000-0000-0000-000000000001', 119990.00, 129589.20, 'RUB', 1000) ON CONFLICT DO NOTHING;
INSERT INTO products (id, name, slug, category_id, unit, description) VALUES ('c8dae673-61df-41a3-aedd-18776447eb9a', '16 0,8', '16-0-8', (SELECT id FROM categories WHERE slug='truby-i-profil'), 'шт', 'https://mc.ru') ON CONFLICT DO NOTHING;
INSERT INTO price_items (id, product_id, supplier_id, price_base, price_markup, currency, stock_qty) VALUES ('e0f313eb-6fe5-4ba3-bfce-a220fdb835ec', 'c8dae673-61df-41a3-aedd-18776447eb9a', 'a2000000-0000-0000-0000-000000000001', 69590.00, 75157.20, 'RUB', 1000) ON CONFLICT DO NOTHING;
INSERT INTO products (id, name, slug, category_id, unit, description) VALUES ('dc77c90a-aeef-433e-a054-2922c3f67ab0', '194   Ст20 30 ; 32; 36; 40', '194-20-30-32-36-40', (SELECT id FROM categories WHERE slug='truby-i-profil'), 'т', 'https://mc.ru') ON CONFLICT DO NOTHING;
INSERT INTO price_items (id, product_id, supplier_id, price_base, price_markup, currency, stock_qty) VALUES ('daf71c9b-d549-4358-a894-238f9be6d201', 'dc77c90a-aeef-433e-a054-2922c3f67ab0', 'a2000000-0000-0000-0000-000000000001', 139990.00, 151189.20, 'RUB', 1000) ON CONFLICT DO NOTHING;
INSERT INTO products (id, name, slug, category_id, unit, description) VALUES ('4243ddf4-be45-4eed-b170-8ee610c42d57', '16   некондиция 0,8 ; 1,5', '16-0-8-1-5', (SELECT id FROM categories WHERE slug='truby-i-profil'), 'т', 'https://mc.ru') ON CONFLICT DO NOTHING;
INSERT INTO price_items (id, product_id, supplier_id, price_base, price_markup, currency, stock_qty) VALUES ('d83c714c-3415-44e4-ab11-cd8322b89444', '4243ddf4-be45-4eed-b170-8ee610c42d57', 'a2000000-0000-0000-0000-000000000001', 28590.00, 30877.20, 'RUB', 1000) ON CONFLICT DO NOTHING;
INSERT INTO products (id, name, slug, category_id, unit, description) VALUES ('9210b7b4-1756-4e6b-9b97-202ea35729fe', '16  х/к', '16-', (SELECT id FROM categories WHERE slug='truby-i-profil'), 'шт', 'https://mc.ru') ON CONFLICT DO NOTHING;
INSERT INTO price_items (id, product_id, supplier_id, price_base, price_markup, currency, stock_qty) VALUES ('17e662f2-ba46-4f5d-acef-42eab1265cfa', '9210b7b4-1756-4e6b-9b97-202ea35729fe', 'a2000000-0000-0000-0000-000000000001', 70090.00, 75697.20, 'RUB', 1000) ON CONFLICT DO NOTHING;
INSERT INTO products (id, name, slug, category_id, unit, description) VALUES ('20748e49-edf2-4fd3-aacf-a9deaaa19547', '203   Ст20 10 ; 12; 14; 18', '203-20-10-12-14-18', (SELECT id FROM categories WHERE slug='truby-i-profil'), 'т', 'https://mc.ru') ON CONFLICT DO NOTHING;
INSERT INTO price_items (id, product_id, supplier_id, price_base, price_markup, currency, stock_qty) VALUES ('55ac673d-b965-447f-a992-4a2edf273f5f', '20748e49-edf2-4fd3-aacf-a9deaaa19547', 'a2000000-0000-0000-0000-000000000001', 119990.00, 129589.20, 'RUB', 1000) ON CONFLICT DO NOTHING;
INSERT INTO products (id, name, slug, category_id, unit, description) VALUES ('a3f00f4b-5cbf-4327-bda4-a67ffe3b441d', '16  х/к некондиция 1 ; 1,2', '16-1-1-2', (SELECT id FROM categories WHERE slug='truby-i-profil'), 'т', 'https://mc.ru') ON CONFLICT DO NOTHING;
INSERT INTO price_items (id, product_id, supplier_id, price_base, price_markup, currency, stock_qty) VALUES ('e14969e0-239a-4743-aace-a7dabedb3728', 'a3f00f4b-5cbf-4327-bda4-a67ffe3b441d', 'a2000000-0000-0000-0000-000000000001', 28590.00, 30877.20, 'RUB', 1000) ON CONFLICT DO NOTHING;
INSERT INTO products (id, name, slug, category_id, unit, description) VALUES ('1d14e653-e1b5-48d4-a33a-0af600f64cf1', '203   Ст20 32 ; 36; 40; 45', '203-20-32-36-40-45', (SELECT id FROM categories WHERE slug='truby-i-profil'), 'т', 'https://mc.ru') ON CONFLICT DO NOTHING;
INSERT INTO price_items (id, product_id, supplier_id, price_base, price_markup, currency, stock_qty) VALUES ('600947f3-d1e7-465c-b149-d2eb6ae031d0', '1d14e653-e1b5-48d4-a33a-0af600f64cf1', 'a2000000-0000-0000-0000-000000000001', 139990.00, 151189.20, 'RUB', 1000) ON CONFLICT DO NOTHING;
INSERT INTO products (id, name, slug, category_id, unit, description) VALUES ('ea89a1d2-6b10-47cb-98fd-42d94c793f26', '18 0,8', '18-0-8', (SELECT id FROM categories WHERE slug='truby-i-profil'), 'шт', 'https://mc.ru') ON CONFLICT DO NOTHING;
INSERT INTO price_items (id, product_id, supplier_id, price_base, price_markup, currency, stock_qty) VALUES ('3212041c-e208-4c5c-8e04-d16da660ec33', 'ea89a1d2-6b10-47cb-98fd-42d94c793f26', 'a2000000-0000-0000-0000-000000000001', 66590.00, 71917.20, 'RUB', 1000) ON CONFLICT DO NOTHING;
INSERT INTO products (id, name, slug, category_id, unit, description) VALUES ('6fcd53be-eea6-405e-bb4b-99d40ad8b413', '219   09Г2С   09Г2С 6', '219-09-2-09-2-6', (SELECT id FROM categories WHERE slug='truby-i-profil'), 'т', 'https://mc.ru') ON CONFLICT DO NOTHING;
INSERT INTO price_items (id, product_id, supplier_id, price_base, price_markup, currency, stock_qty) VALUES ('ae652ea7-0ea7-4a23-9362-29a7294679e0', '6fcd53be-eea6-405e-bb4b-99d40ad8b413', 'a2000000-0000-0000-0000-000000000001', 124990.00, 134989.20, 'RUB', 1000) ON CONFLICT DO NOTHING;
INSERT INTO products (id, name, slug, category_id, unit, description) VALUES ('5a87c4ae-ef24-46ee-badf-429307bdc0ec', '18 1,5', '18-1-5', (SELECT id FROM categories WHERE slug='truby-i-profil'), 'шт', 'https://mc.ru') ON CONFLICT DO NOTHING;
INSERT INTO price_items (id, product_id, supplier_id, price_base, price_markup, currency, stock_qty) VALUES ('964fd18c-0e5d-4474-8229-c46288b6470e', '5a87c4ae-ef24-46ee-badf-429307bdc0ec', 'a2000000-0000-0000-0000-000000000001', 59590.00, 64357.20, 'RUB', 1000) ON CONFLICT DO NOTHING;
INSERT INTO products (id, name, slug, category_id, unit, description) VALUES ('f8b44bb2-9c98-4e07-803d-f28542099199', '219   09Г2С   09Г2С 10', '219-09-2-09-2-10', (SELECT id FROM categories WHERE slug='truby-i-profil'), 'т', 'https://mc.ru') ON CONFLICT DO NOTHING;
INSERT INTO price_items (id, product_id, supplier_id, price_base, price_markup, currency, stock_qty) VALUES ('e27176fe-b699-41c4-aa3b-3f392429686a', 'f8b44bb2-9c98-4e07-803d-f28542099199', 'a2000000-0000-0000-0000-000000000001', 119990.00, 129589.20, 'RUB', 1000) ON CONFLICT DO NOTHING;
INSERT INTO products (id, name, slug, category_id, unit, description) VALUES ('dae59b83-9c86-46eb-af74-a618f5d31f38', '219   Ст10 12 ; 18', '219-10-12-18', (SELECT id FROM categories WHERE slug='truby-i-profil'), 'т', 'https://mc.ru') ON CONFLICT DO NOTHING;
INSERT INTO price_items (id, product_id, supplier_id, price_base, price_markup, currency, stock_qty) VALUES ('73ce422f-7fa5-4d66-9161-cbc672e82751', 'dae59b83-9c86-46eb-af74-a618f5d31f38', 'a2000000-0000-0000-0000-000000000001', 114990.00, 124189.20, 'RUB', 1000) ON CONFLICT DO NOTHING;
INSERT INTO products (id, name, slug, category_id, unit, description) VALUES ('d61e2b72-852a-4934-be49-694adcd5e191', '219   Ст20 6', '219-20-6', (SELECT id FROM categories WHERE slug='truby-i-profil'), 'т', 'https://mc.ru') ON CONFLICT DO NOTHING;
INSERT INTO price_items (id, product_id, supplier_id, price_base, price_markup, currency, stock_qty) VALUES ('f3c35ed1-d8a9-4c73-a587-ef7b643fd75c', 'd61e2b72-852a-4934-be49-694adcd5e191', 'a2000000-0000-0000-0000-000000000001', 119990.00, 129589.20, 'RUB', 1000) ON CONFLICT DO NOTHING;
INSERT INTO products (id, name, slug, category_id, unit, description) VALUES ('45c857e5-574b-4218-90f8-de1c3d4c1e5e', '219   Ст20 7 ; 8; 9; 10; 12', '219-20-7-8-9-10-12', (SELECT id FROM categories WHERE slug='truby-i-profil'), 'т', 'https://mc.ru') ON CONFLICT DO NOTHING;
INSERT INTO price_items (id, product_id, supplier_id, price_base, price_markup, currency, stock_qty) VALUES ('44bfa09d-e2e0-4445-8deb-627221c1a1d3', '45c857e5-574b-4218-90f8-de1c3d4c1e5e', 'a2000000-0000-0000-0000-000000000001', 114990.00, 124189.20, 'RUB', 1000) ON CONFLICT DO NOTHING;
INSERT INTO products (id, name, slug, category_id, unit, description) VALUES ('c99170c0-6d05-414c-8401-e76367f45921', '18   некондиция 0,7 ; 0,8', '18-0-7-0-8', (SELECT id FROM categories WHERE slug='truby-i-profil'), 'т', 'https://mc.ru') ON CONFLICT DO NOTHING;
INSERT INTO price_items (id, product_id, supplier_id, price_base, price_markup, currency, stock_qty) VALUES ('632a8a1c-cc1e-4e51-87d0-744dda2c4abc', 'c99170c0-6d05-414c-8401-e76367f45921', 'a2000000-0000-0000-0000-000000000001', 28590.00, 30877.20, 'RUB', 1000) ON CONFLICT DO NOTHING;
INSERT INTO products (id, name, slug, category_id, unit, description) VALUES ('8547943c-3566-4bba-9908-126a365c190f', '18   некондиция', '18-', (SELECT id FROM categories WHERE slug='truby-i-profil'), 'т', 'https://mc.ru') ON CONFLICT DO NOTHING;
INSERT INTO price_items (id, product_id, supplier_id, price_base, price_markup, currency, stock_qty) VALUES ('beaff5a1-b7c4-4cb4-8241-3ba29f6951da', '8547943c-3566-4bba-9908-126a365c190f', 'a2000000-0000-0000-0000-000000000001', 38590.00, 41677.20, 'RUB', 1000) ON CONFLICT DO NOTHING;
INSERT INTO products (id, name, slug, category_id, unit, description) VALUES ('eadf4d79-69e0-47e1-8c3e-1aa2867315b3', '18   некондиция 1,5 ; 2', '18-1-5-2', (SELECT id FROM categories WHERE slug='truby-i-profil'), 'т', 'https://mc.ru') ON CONFLICT DO NOTHING;
INSERT INTO price_items (id, product_id, supplier_id, price_base, price_markup, currency, stock_qty) VALUES ('ccaf1613-427d-4507-869e-9194d953dcce', 'eadf4d79-69e0-47e1-8c3e-1aa2867315b3', 'a2000000-0000-0000-0000-000000000001', 28590.00, 30877.20, 'RUB', 1000) ON CONFLICT DO NOTHING;
INSERT INTO products (id, name, slug, category_id, unit, description) VALUES ('cb4f655a-6a60-4725-8814-8894083c1804', '219   Ст20 32', '219-20-32', (SELECT id FROM categories WHERE slug='truby-i-profil'), 'т', 'https://mc.ru') ON CONFLICT DO NOTHING;
INSERT INTO price_items (id, product_id, supplier_id, price_base, price_markup, currency, stock_qty) VALUES ('e3dfad87-4273-4a85-b88a-ca9897499740', 'cb4f655a-6a60-4725-8814-8894083c1804', 'a2000000-0000-0000-0000-000000000001', 119990.00, 129589.20, 'RUB', 1000) ON CONFLICT DO NOTHING;
INSERT INTO products (id, name, slug, category_id, unit, description) VALUES ('45d852d6-5309-4e0b-961d-d02f7de1e560', '18  х/к', '18-', (SELECT id FROM categories WHERE slug='truby-i-profil'), 'т', 'https://mc.ru') ON CONFLICT DO NOTHING;
INSERT INTO price_items (id, product_id, supplier_id, price_base, price_markup, currency, stock_qty) VALUES ('20f423d4-116a-4512-8470-9f04c0c9d435', '45d852d6-5309-4e0b-961d-d02f7de1e560', 'a2000000-0000-0000-0000-000000000001', 67590.00, 72997.20, 'RUB', 1000) ON CONFLICT DO NOTHING;
INSERT INTO products (id, name, slug, category_id, unit, description) VALUES ('3e5b1b0d-eafb-445d-a975-2b875b217a03', '219   Ст20 36 ; 40; 45; 50', '219-20-36-40-45-50', (SELECT id FROM categories WHERE slug='truby-i-profil'), 'т', 'https://mc.ru') ON CONFLICT DO NOTHING;
INSERT INTO price_items (id, product_id, supplier_id, price_base, price_markup, currency, stock_qty) VALUES ('afc74dd7-e2de-4b95-93c0-bfd0fe957cb4', '3e5b1b0d-eafb-445d-a975-2b875b217a03', 'a2000000-0000-0000-0000-000000000001', 139990.00, 151189.20, 'RUB', 1000) ON CONFLICT DO NOTHING;
INSERT INTO products (id, name, slug, category_id, unit, description) VALUES ('23e3eb17-f098-4433-86eb-48c7473eb886', '245   Ст09Г2С   09Г2С 8', '245-09-2-09-2-8', (SELECT id FROM categories WHERE slug='truby-i-profil'), 'т', 'https://mc.ru') ON CONFLICT DO NOTHING;
INSERT INTO price_items (id, product_id, supplier_id, price_base, price_markup, currency, stock_qty) VALUES ('f4aae23d-398e-48c4-b6f9-89f97f2e046c', '23e3eb17-f098-4433-86eb-48c7473eb886', 'a2000000-0000-0000-0000-000000000001', 119990.00, 129589.20, 'RUB', 1000) ON CONFLICT DO NOTHING;
INSERT INTO products (id, name, slug, category_id, unit, description) VALUES ('9fd30c21-6a9b-4bc0-9b03-c1e4770bd79c', '18  х/к', '18-', (SELECT id FROM categories WHERE slug='truby-i-profil'), 'шт', 'https://mc.ru') ON CONFLICT DO NOTHING;
INSERT INTO price_items (id, product_id, supplier_id, price_base, price_markup, currency, stock_qty) VALUES ('5ed4395f-b6a5-44a1-8659-360909c6074e', '9fd30c21-6a9b-4bc0-9b03-c1e4770bd79c', 'a2000000-0000-0000-0000-000000000001', 67590.00, 72997.20, 'RUB', 1000) ON CONFLICT DO NOTHING;
INSERT INTO products (id, name, slug, category_id, unit, description) VALUES ('6d8a3c64-4249-478f-928d-85a3490ab0ba', '245   Ст10 16', '245-10-16', (SELECT id FROM categories WHERE slug='truby-i-profil'), 'т', 'https://mc.ru') ON CONFLICT DO NOTHING;
INSERT INTO price_items (id, product_id, supplier_id, price_base, price_markup, currency, stock_qty) VALUES ('c8a519de-2163-4eb2-86da-de4e8115f73e', '6d8a3c64-4249-478f-928d-85a3490ab0ba', 'a2000000-0000-0000-0000-000000000001', 119990.00, 129589.20, 'RUB', 1000) ON CONFLICT DO NOTHING;
INSERT INTO products (id, name, slug, category_id, unit, description) VALUES ('d1bb9cba-4b65-4a0f-b876-4f024e18e5d4', '18  х/к 1,2', '18-1-2', (SELECT id FROM categories WHERE slug='truby-i-profil'), 'шт', 'https://mc.ru') ON CONFLICT DO NOTHING;
INSERT INTO price_items (id, product_id, supplier_id, price_base, price_markup, currency, stock_qty) VALUES ('80fbaba4-7466-4262-8845-1d47cd1b8ecb', 'd1bb9cba-4b65-4a0f-b876-4f024e18e5d4', 'a2000000-0000-0000-0000-000000000001', 67590.00, 72997.20, 'RUB', 1000) ON CONFLICT DO NOTHING;
INSERT INTO products (id, name, slug, category_id, unit, description) VALUES ('8d1db0b2-8d82-4a74-a205-6bfaf4769e3d', '245   Ст20 7', '245-20-7', (SELECT id FROM categories WHERE slug='truby-i-profil'), 'т', 'https://mc.ru') ON CONFLICT DO NOTHING;
INSERT INTO price_items (id, product_id, supplier_id, price_base, price_markup, currency, stock_qty) VALUES ('1717aa76-d509-4dc5-b9a8-69ba5af7a1c2', '8d1db0b2-8d82-4a74-a205-6bfaf4769e3d', 'a2000000-0000-0000-0000-000000000001', 129990.00, 140389.20, 'RUB', 1000) ON CONFLICT DO NOTHING;
INSERT INTO products (id, name, slug, category_id, unit, description) VALUES ('9fa5f1be-1951-49ee-b986-2b01746870bc', '245   Ст20 8 ; 9; 10; 12; 14', '245-20-8-9-10-12-14', (SELECT id FROM categories WHERE slug='truby-i-profil'), 'т', 'https://mc.ru') ON CONFLICT DO NOTHING;
INSERT INTO price_items (id, product_id, supplier_id, price_base, price_markup, currency, stock_qty) VALUES ('fd3fc8e4-302c-4f54-b51e-7d45c0cdb657', '9fa5f1be-1951-49ee-b986-2b01746870bc', 'a2000000-0000-0000-0000-000000000001', 119990.00, 129589.20, 'RUB', 1000) ON CONFLICT DO NOTHING;
INSERT INTO products (id, name, slug, category_id, unit, description) VALUES ('030addc8-3a7a-4672-b1ee-f2b88bcaa48e', '18  х/к некондиция 1,2', '18-1-2', (SELECT id FROM categories WHERE slug='truby-i-profil'), 'т', 'https://mc.ru') ON CONFLICT DO NOTHING;
INSERT INTO price_items (id, product_id, supplier_id, price_base, price_markup, currency, stock_qty) VALUES ('21ee4d9f-2268-439f-bf1f-4f7e70af3c49', '030addc8-3a7a-4672-b1ee-f2b88bcaa48e', 'a2000000-0000-0000-0000-000000000001', 28590.00, 30877.20, 'RUB', 1000) ON CONFLICT DO NOTHING;
INSERT INTO products (id, name, slug, category_id, unit, description) VALUES ('5e13bc0d-10cf-4179-90b7-849ef85eba20', '245   Ст20 32', '245-20-32', (SELECT id FROM categories WHERE slug='truby-i-profil'), 'т', 'https://mc.ru') ON CONFLICT DO NOTHING;
INSERT INTO price_items (id, product_id, supplier_id, price_base, price_markup, currency, stock_qty) VALUES ('06de5485-df4d-48f6-8eae-f6cc5477f23c', '5e13bc0d-10cf-4179-90b7-849ef85eba20', 'a2000000-0000-0000-0000-000000000001', 179990.00, 194389.20, 'RUB', 1000) ON CONFLICT DO NOTHING;
INSERT INTO products (id, name, slug, category_id, unit, description) VALUES ('8987cf65-1e32-47f2-a1a2-49a4fbb02dfc', '19  х/к', '19-', (SELECT id FROM categories WHERE slug='truby-i-profil'), 'шт', 'https://mc.ru') ON CONFLICT DO NOTHING;
INSERT INTO price_items (id, product_id, supplier_id, price_base, price_markup, currency, stock_qty) VALUES ('89709655-5c8f-469d-8682-d3eaf45a2f17', '8987cf65-1e32-47f2-a1a2-49a4fbb02dfc', 'a2000000-0000-0000-0000-000000000001', 68090.00, 73537.20, 'RUB', 1000) ON CONFLICT DO NOTHING;
INSERT INTO products (id, name, slug, category_id, unit, description) VALUES ('d729f035-9893-41bf-b939-e1f9bac56901', '245   Ст20 36 ; 45; 50', '245-20-36-45-50', (SELECT id FROM categories WHERE slug='truby-i-profil'), 'т', 'https://mc.ru') ON CONFLICT DO NOTHING;
INSERT INTO price_items (id, product_id, supplier_id, price_base, price_markup, currency, stock_qty) VALUES ('79939fa7-09c7-4a46-a755-42d64d33944b', 'd729f035-9893-41bf-b939-e1f9bac56901', 'a2000000-0000-0000-0000-000000000001', 209990.00, 226789.20, 'RUB', 1000) ON CONFLICT DO NOTHING;
INSERT INTO products (id, name, slug, category_id, unit, description) VALUES ('62c507ad-d71c-4c5e-8ce4-1e649f649cda', '20 1,5', '20-1-5', (SELECT id FROM categories WHERE slug='truby-i-profil'), 'шт', 'https://mc.ru') ON CONFLICT DO NOTHING;
INSERT INTO price_items (id, product_id, supplier_id, price_base, price_markup, currency, stock_qty) VALUES ('cd007be8-ce2a-4316-b50a-f9adb4a6de8d', '62c507ad-d71c-4c5e-8ce4-1e649f649cda', 'a2000000-0000-0000-0000-000000000001', 62090.00, 67057.20, 'RUB', 1000) ON CONFLICT DO NOTHING;
INSERT INTO products (id, name, slug, category_id, unit, description) VALUES ('2c804f1b-607d-4664-86d8-afb288f21861', '273   09Г2С   09Г2С', '273-09-2-09-2-', (SELECT id FROM categories WHERE slug='truby-i-profil'), 'т', 'https://mc.ru') ON CONFLICT DO NOTHING;
INSERT INTO price_items (id, product_id, supplier_id, price_base, price_markup, currency, stock_qty) VALUES ('d636e5ce-f907-4118-9488-13a89b8e4a49', '2c804f1b-607d-4664-86d8-afb288f21861', 'a2000000-0000-0000-0000-000000000001', 124990.00, 134989.20, 'RUB', 1000) ON CONFLICT DO NOTHING;
INSERT INTO products (id, name, slug, category_id, unit, description) VALUES ('9b4deefc-870e-4cd4-867e-60031d4eb16c', '20', '20', (SELECT id FROM categories WHERE slug='truby-i-profil'), 'шт', 'https://mc.ru') ON CONFLICT DO NOTHING;
INSERT INTO price_items (id, product_id, supplier_id, price_base, price_markup, currency, stock_qty) VALUES ('f26324be-205c-412b-8b74-90f799a8c2bb', '9b4deefc-870e-4cd4-867e-60031d4eb16c', 'a2000000-0000-0000-0000-000000000001', 56090.00, 60577.20, 'RUB', 1000) ON CONFLICT DO NOTHING;
INSERT INTO products (id, name, slug, category_id, unit, description) VALUES ('52e376a5-758f-42ea-80b9-3e05352d1937', '273   Ст20 7 ; 8', '273-20-7-8', (SELECT id FROM categories WHERE slug='truby-i-profil'), 'т', 'https://mc.ru') ON CONFLICT DO NOTHING;
INSERT INTO price_items (id, product_id, supplier_id, price_base, price_markup, currency, stock_qty) VALUES ('945677ec-05f2-4665-b38d-af7f985a0fe0', '52e376a5-758f-42ea-80b9-3e05352d1937', 'a2000000-0000-0000-0000-000000000001', 119990.00, 129589.20, 'RUB', 1000) ON CONFLICT DO NOTHING;
INSERT INTO products (id, name, slug, category_id, unit, description) VALUES ('bda24a4c-741d-4671-aca8-110409f51208', '273   Ст20 9 ; 12; 18; 20; 22', '273-20-9-12-18-20-22', (SELECT id FROM categories WHERE slug='truby-i-profil'), 'т', 'https://mc.ru') ON CONFLICT DO NOTHING;
INSERT INTO price_items (id, product_id, supplier_id, price_base, price_markup, currency, stock_qty) VALUES ('7d761ff3-09a5-4722-b6d9-674466f96456', 'bda24a4c-741d-4671-aca8-110409f51208', 'a2000000-0000-0000-0000-000000000001', 114990.00, 124189.20, 'RUB', 1000) ON CONFLICT DO NOTHING;
INSERT INTO products (id, name, slug, category_id, unit, description) VALUES ('4c19d82b-c39b-48b2-8a9b-879d4f222947', '20   некондиция 0,8 ; 1,5; 2; 2,5', '20-0-8-1-5-2-2-5', (SELECT id FROM categories WHERE slug='truby-i-profil'), 'т', 'https://mc.ru') ON CONFLICT DO NOTHING;
INSERT INTO price_items (id, product_id, supplier_id, price_base, price_markup, currency, stock_qty) VALUES ('554b764e-c088-48f9-9572-0dc09c82f65b', '4c19d82b-c39b-48b2-8a9b-879d4f222947', 'a2000000-0000-0000-0000-000000000001', 28590.00, 30877.20, 'RUB', 1000) ON CONFLICT DO NOTHING;
INSERT INTO products (id, name, slug, category_id, unit, description) VALUES ('1c8c0bc8-b4a3-4b28-8adc-746f58da50f0', '273   Ст20 32 ; 35', '273-20-32-35', (SELECT id FROM categories WHERE slug='truby-i-profil'), 'т', 'https://mc.ru') ON CONFLICT DO NOTHING;
INSERT INTO price_items (id, product_id, supplier_id, price_base, price_markup, currency, stock_qty) VALUES ('d1364a79-e944-4687-8119-f44877a1044b', '1c8c0bc8-b4a3-4b28-8adc-746f58da50f0', 'a2000000-0000-0000-0000-000000000001', 169990.00, 183589.20, 'RUB', 1000) ON CONFLICT DO NOTHING;
INSERT INTO products (id, name, slug, category_id, unit, description) VALUES ('a0b8cd98-a2eb-4104-acaf-0282cac686d2', '20  х/к 0,8', '20-0-8', (SELECT id FROM categories WHERE slug='truby-i-profil'), 'шт', 'https://mc.ru') ON CONFLICT DO NOTHING;
INSERT INTO price_items (id, product_id, supplier_id, price_base, price_markup, currency, stock_qty) VALUES ('74e9fafa-e0a0-448c-8539-14652d12dd71', 'a0b8cd98-a2eb-4104-acaf-0282cac686d2', 'a2000000-0000-0000-0000-000000000001', 66090.00, 71377.20, 'RUB', 1000) ON CONFLICT DO NOTHING;
INSERT INTO products (id, name, slug, category_id, unit, description) VALUES ('f9b91af3-9521-423a-b42e-3f132bab8f75', '273   Ст20 36 ; 40; 45', '273-20-36-40-45', (SELECT id FROM categories WHERE slug='truby-i-profil'), 'т', 'https://mc.ru') ON CONFLICT DO NOTHING;
INSERT INTO price_items (id, product_id, supplier_id, price_base, price_markup, currency, stock_qty) VALUES ('11a0ac14-aba8-4e97-9a25-5546fadd04f5', 'f9b91af3-9521-423a-b42e-3f132bab8f75', 'a2000000-0000-0000-0000-000000000001', 209990.00, 226789.20, 'RUB', 1000) ON CONFLICT DO NOTHING;
INSERT INTO products (id, name, slug, category_id, unit, description) VALUES ('37f5f35c-1673-4fa9-ab58-59df88673cee', '299   Ст10 25', '299-10-25', (SELECT id FROM categories WHERE slug='truby-i-profil'), 'т', 'https://mc.ru') ON CONFLICT DO NOTHING;
INSERT INTO price_items (id, product_id, supplier_id, price_base, price_markup, currency, stock_qty) VALUES ('c562d044-4911-4827-8304-739838208eba', '37f5f35c-1673-4fa9-ab58-59df88673cee', 'a2000000-0000-0000-0000-000000000001', 149990.00, 161989.20, 'RUB', 1000) ON CONFLICT DO NOTHING;
INSERT INTO products (id, name, slug, category_id, unit, description) VALUES ('1fa7ba64-d67a-401e-bda8-7ed8c3e431c2', '299   Ст20 8 ; 10; 12; 14; 16', '299-20-8-10-12-14-16', (SELECT id FROM categories WHERE slug='truby-i-profil'), 'т', 'https://mc.ru') ON CONFLICT DO NOTHING;
INSERT INTO price_items (id, product_id, supplier_id, price_base, price_markup, currency, stock_qty) VALUES ('e60e42f5-97be-4f25-bdbc-0736b0e9c5fd', '1fa7ba64-d67a-401e-bda8-7ed8c3e431c2', 'a2000000-0000-0000-0000-000000000001', 149990.00, 161989.20, 'RUB', 1000) ON CONFLICT DO NOTHING;
INSERT INTO products (id, name, slug, category_id, unit, description) VALUES ('0df842ee-cac4-4e43-b6cf-1658cdd23b33', '20  х/к 1', '20-1', (SELECT id FROM categories WHERE slug='truby-i-profil'), 'шт', 'https://mc.ru') ON CONFLICT DO NOTHING;
INSERT INTO price_items (id, product_id, supplier_id, price_base, price_markup, currency, stock_qty) VALUES ('49744462-8abd-4b91-b1bf-e17dbcdb1ed3', '0df842ee-cac4-4e43-b6cf-1658cdd23b33', 'a2000000-0000-0000-0000-000000000001', 63590.00, 68677.20, 'RUB', 1000) ON CONFLICT DO NOTHING;
INSERT INTO products (id, name, slug, category_id, unit, description) VALUES ('eb469abb-481a-419e-87fe-8ea52b8d7405', '299   Ст20 32 ; 40; 45; 50', '299-20-32-40-45-50', (SELECT id FROM categories WHERE slug='truby-i-profil'), 'т', 'https://mc.ru') ON CONFLICT DO NOTHING;
INSERT INTO price_items (id, product_id, supplier_id, price_base, price_markup, currency, stock_qty) VALUES ('c6e52370-d5fb-4ddc-b119-b911aadc44fe', 'eb469abb-481a-419e-87fe-8ea52b8d7405', 'a2000000-0000-0000-0000-000000000001', 209990.00, 226789.20, 'RUB', 1000) ON CONFLICT DO NOTHING;
INSERT INTO products (id, name, slug, category_id, unit, description) VALUES ('df3da2b1-a0e3-4647-9e6e-6d6db2c2fdb3', '325   Ст10 18 ; 20', '325-10-18-20', (SELECT id FROM categories WHERE slug='truby-i-profil'), 'т', 'https://mc.ru') ON CONFLICT DO NOTHING;
INSERT INTO price_items (id, product_id, supplier_id, price_base, price_markup, currency, stock_qty) VALUES ('c5c9415f-56b7-4a7e-a274-53e09527d6c5', 'df3da2b1-a0e3-4647-9e6e-6d6db2c2fdb3', 'a2000000-0000-0000-0000-000000000001', 149990.00, 161989.20, 'RUB', 1000) ON CONFLICT DO NOTHING;
INSERT INTO products (id, name, slug, category_id, unit, description) VALUES ('b9917d86-13f8-4bea-9b55-7e284d1c14f5', '325   Ст20 8 ; 9; 10; 12; 14', '325-20-8-9-10-12-14', (SELECT id FROM categories WHERE slug='truby-i-profil'), 'т', 'https://mc.ru') ON CONFLICT DO NOTHING;
INSERT INTO price_items (id, product_id, supplier_id, price_base, price_markup, currency, stock_qty) VALUES ('e59f469e-7711-495b-82b5-fa509b60fec7', 'b9917d86-13f8-4bea-9b55-7e284d1c14f5', 'a2000000-0000-0000-0000-000000000001', 149990.00, 161989.20, 'RUB', 1000) ON CONFLICT DO NOTHING;
INSERT INTO products (id, name, slug, category_id, unit, description) VALUES ('00efa836-0501-4134-8e64-733b331f997d', '20  х/к 1,2', '20-1-2', (SELECT id FROM categories WHERE slug='truby-i-profil'), 'шт', 'https://mc.ru') ON CONFLICT DO NOTHING;
INSERT INTO price_items (id, product_id, supplier_id, price_base, price_markup, currency, stock_qty) VALUES ('ab3c361e-8fc4-4f69-9d49-5aceeac0d0cf', '00efa836-0501-4134-8e64-733b331f997d', 'a2000000-0000-0000-0000-000000000001', 67590.00, 72997.20, 'RUB', 1000) ON CONFLICT DO NOTHING;
INSERT INTO products (id, name, slug, category_id, unit, description) VALUES ('a368954d-5454-4242-b651-5d1353db5310', '20  х/к некондиция 1', '20-1', (SELECT id FROM categories WHERE slug='truby-i-profil'), 'т', 'https://mc.ru') ON CONFLICT DO NOTHING;
INSERT INTO price_items (id, product_id, supplier_id, price_base, price_markup, currency, stock_qty) VALUES ('33f70558-19a8-46cd-879a-be22f9e3bf74', 'a368954d-5454-4242-b651-5d1353db5310', 'a2000000-0000-0000-0000-000000000001', 28590.00, 30877.20, 'RUB', 1000) ON CONFLICT DO NOTHING;
INSERT INTO products (id, name, slug, category_id, unit, description) VALUES ('5c7cf12d-7e19-4e2e-a860-81ec71dc9e04', '325   Ст20 32 ; 36; 40', '325-20-32-36-40', (SELECT id FROM categories WHERE slug='truby-i-profil'), 'т', 'https://mc.ru') ON CONFLICT DO NOTHING;
INSERT INTO price_items (id, product_id, supplier_id, price_base, price_markup, currency, stock_qty) VALUES ('638e7f4d-fdb5-49e3-a05d-c2ae4d71e2b6', '5c7cf12d-7e19-4e2e-a860-81ec71dc9e04', 'a2000000-0000-0000-0000-000000000001', 209990.00, 226789.20, 'RUB', 1000) ON CONFLICT DO NOTHING;
INSERT INTO products (id, name, slug, category_id, unit, description) VALUES ('028083c2-d92d-46ba-b858-fd529f81b779', '351   Ст10 12', '351-10-12', (SELECT id FROM categories WHERE slug='truby-i-profil'), 'т', 'https://mc.ru') ON CONFLICT DO NOTHING;
INSERT INTO price_items (id, product_id, supplier_id, price_base, price_markup, currency, stock_qty) VALUES ('43866d47-238b-47e5-b9a4-bce7183b44e9', '028083c2-d92d-46ba-b858-fd529f81b779', 'a2000000-0000-0000-0000-000000000001', 159990.00, 172789.20, 'RUB', 1000) ON CONFLICT DO NOTHING;
INSERT INTO products (id, name, slug, category_id, unit, description) VALUES ('ba7b7293-6586-4be5-b31e-258e01e6661f', '20  х/к некондиция 1,2', '20-1-2', (SELECT id FROM categories WHERE slug='truby-i-profil'), 'т', 'https://mc.ru') ON CONFLICT DO NOTHING;
INSERT INTO price_items (id, product_id, supplier_id, price_base, price_markup, currency, stock_qty) VALUES ('c9e596d2-ba9e-4ef9-a016-18152fc99e49', 'ba7b7293-6586-4be5-b31e-258e01e6661f', 'a2000000-0000-0000-0000-000000000001', 28090.00, 30337.20, 'RUB', 1000) ON CONFLICT DO NOTHING;
INSERT INTO products (id, name, slug, category_id, unit, description) VALUES ('97943aac-5256-4b9c-aea0-340f216dff5c', '351   Ст20 9 ; 10; 12; 16', '351-20-9-10-12-16', (SELECT id FROM categories WHERE slug='truby-i-profil'), 'т', 'https://mc.ru') ON CONFLICT DO NOTHING;
INSERT INTO price_items (id, product_id, supplier_id, price_base, price_markup, currency, stock_qty) VALUES ('cc6dba0f-4025-4e5a-9cfb-0692b1a8eaf6', '97943aac-5256-4b9c-aea0-340f216dff5c', 'a2000000-0000-0000-0000-000000000001', 159990.00, 172789.20, 'RUB', 1000) ON CONFLICT DO NOTHING;
INSERT INTO products (id, name, slug, category_id, unit, description) VALUES ('0ced9d2b-6278-4d50-b109-add886af4330', '351   Ст20 30', '351-20-30', (SELECT id FROM categories WHERE slug='truby-i-profil'), 'т', 'https://mc.ru') ON CONFLICT DO NOTHING;
INSERT INTO price_items (id, product_id, supplier_id, price_base, price_markup, currency, stock_qty) VALUES ('bb5e82ae-701c-4a65-b6c9-58e9c9ed8735', '0ced9d2b-6278-4d50-b109-add886af4330', 'a2000000-0000-0000-0000-000000000001', 160990.00, 173869.20, 'RUB', 1000) ON CONFLICT DO NOTHING;
INSERT INTO products (id, name, slug, category_id, unit, description) VALUES ('68fc997c-e964-484a-8ff0-726e7f9e646f', '351   Ст20 32 ; 36; 40', '351-20-32-36-40', (SELECT id FROM categories WHERE slug='truby-i-profil'), 'т', 'https://mc.ru') ON CONFLICT DO NOTHING;
INSERT INTO price_items (id, product_id, supplier_id, price_base, price_markup, currency, stock_qty) VALUES ('5854507f-8049-417c-9e37-ee710a471046', '68fc997c-e964-484a-8ff0-726e7f9e646f', 'a2000000-0000-0000-0000-000000000001', 209990.00, 226789.20, 'RUB', 1000) ON CONFLICT DO NOTHING;
INSERT INTO products (id, name, slug, category_id, unit, description) VALUES ('9573c052-38e9-4733-946d-7833f5f38e8f', '377   Ст09Г2С   09Г2С', '377-09-2-09-2-', (SELECT id FROM categories WHERE slug='truby-i-profil'), 'т', 'https://mc.ru') ON CONFLICT DO NOTHING;
INSERT INTO price_items (id, product_id, supplier_id, price_base, price_markup, currency, stock_qty) VALUES ('7f92f7d6-cd47-4454-93a9-c7c773ebeb66', '9573c052-38e9-4733-946d-7833f5f38e8f', 'a2000000-0000-0000-0000-000000000001', 164990.00, 178189.20, 'RUB', 1000) ON CONFLICT DO NOTHING;
INSERT INTO products (id, name, slug, category_id, unit, description) VALUES ('31b460de-ca03-4ca1-8182-4421123cf378', '22 1,5', '22-1-5', (SELECT id FROM categories WHERE slug='truby-i-profil'), 'шт', 'https://mc.ru') ON CONFLICT DO NOTHING;
INSERT INTO price_items (id, product_id, supplier_id, price_base, price_markup, currency, stock_qty) VALUES ('fed50a06-3c96-48ae-97f0-b634b563f5b9', '31b460de-ca03-4ca1-8182-4421123cf378', 'a2000000-0000-0000-0000-000000000001', 62590.00, 67597.20, 'RUB', 1000) ON CONFLICT DO NOTHING;
INSERT INTO products (id, name, slug, category_id, unit, description) VALUES ('cfd3a168-c6fb-4851-bc00-1064a8a821ce', '377   Ст10', '377-10', (SELECT id FROM categories WHERE slug='truby-i-profil'), 'т', 'https://mc.ru') ON CONFLICT DO NOTHING;
INSERT INTO price_items (id, product_id, supplier_id, price_base, price_markup, currency, stock_qty) VALUES ('35562283-d323-4849-9dfc-4f19de18b1fb', 'cfd3a168-c6fb-4851-bc00-1064a8a821ce', 'a2000000-0000-0000-0000-000000000001', 159990.00, 172789.20, 'RUB', 1000) ON CONFLICT DO NOTHING;
INSERT INTO products (id, name, slug, category_id, unit, description) VALUES ('55a7f26f-5a07-46fe-98dd-b1380c0c1315', '377   Ст20 9 ; 10; 12; 14; 16', '377-20-9-10-12-14-16', (SELECT id FROM categories WHERE slug='truby-i-profil'), 'т', 'https://mc.ru') ON CONFLICT DO NOTHING;
INSERT INTO price_items (id, product_id, supplier_id, price_base, price_markup, currency, stock_qty) VALUES ('81c05eb0-00df-4b33-ac46-ef39191c6cd1', '55a7f26f-5a07-46fe-98dd-b1380c0c1315', 'a2000000-0000-0000-0000-000000000001', 159990.00, 172789.20, 'RUB', 1000) ON CONFLICT DO NOTHING;
INSERT INTO products (id, name, slug, category_id, unit, description) VALUES ('b125ff84-ec37-4e44-84d7-f089d1f9c8ff', '22', '22', (SELECT id FROM categories WHERE slug='truby-i-profil'), 'шт', 'https://mc.ru') ON CONFLICT DO NOTHING;
INSERT INTO price_items (id, product_id, supplier_id, price_base, price_markup, currency, stock_qty) VALUES ('c60c296e-0279-4b2c-b6be-ade7ae52a0e1', 'b125ff84-ec37-4e44-84d7-f089d1f9c8ff', 'a2000000-0000-0000-0000-000000000001', 56590.00, 61117.20, 'RUB', 1000) ON CONFLICT DO NOTHING;
INSERT INTO products (id, name, slug, category_id, unit, description) VALUES ('7fd902c3-9c2c-4f9f-9819-3e2c1b4ec502', '377   Ст20 36 ; 40; 45', '377-20-36-40-45', (SELECT id FROM categories WHERE slug='truby-i-profil'), 'т', 'https://mc.ru') ON CONFLICT DO NOTHING;
INSERT INTO price_items (id, product_id, supplier_id, price_base, price_markup, currency, stock_qty) VALUES ('7e8edd71-0613-411f-ac86-a64f3da35956', '7fd902c3-9c2c-4f9f-9819-3e2c1b4ec502', 'a2000000-0000-0000-0000-000000000001', 209990.00, 226789.20, 'RUB', 1000) ON CONFLICT DO NOTHING;
INSERT INTO products (id, name, slug, category_id, unit, description) VALUES ('65b9a25e-9c77-417f-9726-9855e3464b7e', '402   Ст20 10 ; 12; 16; 25', '402-20-10-12-16-25', (SELECT id FROM categories WHERE slug='truby-i-profil'), 'т', 'https://mc.ru') ON CONFLICT DO NOTHING;
INSERT INTO price_items (id, product_id, supplier_id, price_base, price_markup, currency, stock_qty) VALUES ('99a24907-3ad3-4b42-aa50-8b8b797e3a3f', '65b9a25e-9c77-417f-9726-9855e3464b7e', 'a2000000-0000-0000-0000-000000000001', 159990.00, 172789.20, 'RUB', 1000) ON CONFLICT DO NOTHING;
INSERT INTO products (id, name, slug, category_id, unit, description) VALUES ('5ba6abbc-a1e8-4369-9460-ae71438957df', '22 3', '22-3', (SELECT id FROM categories WHERE slug='truby-i-profil'), 'шт', 'https://mc.ru') ON CONFLICT DO NOTHING;
INSERT INTO price_items (id, product_id, supplier_id, price_base, price_markup, currency, stock_qty) VALUES ('9528dafc-4d4e-4bce-ba28-fb7fba012dd9', '5ba6abbc-a1e8-4369-9460-ae71438957df', 'a2000000-0000-0000-0000-000000000001', 58590.00, 63277.20, 'RUB', 1000) ON CONFLICT DO NOTHING;
INSERT INTO products (id, name, slug, category_id, unit, description) VALUES ('b491ba17-7a15-462c-af5c-a9c7705c9944', '30  х/к 1', '30-1', (SELECT id FROM categories WHERE slug='truby-i-profil'), 'шт', 'https://mc.ru') ON CONFLICT DO NOTHING;
INSERT INTO price_items (id, product_id, supplier_id, price_base, price_markup, currency, stock_qty) VALUES ('cc4066fd-2072-436d-aecb-87d92b0dbb69', 'b491ba17-7a15-462c-af5c-a9c7705c9944', 'a2000000-0000-0000-0000-000000000001', 68090.00, 73537.20, 'RUB', 1000) ON CONFLICT DO NOTHING;
INSERT INTO products (id, name, slug, category_id, unit, description) VALUES ('55a86cc4-2a38-4661-8738-78be123629db', '30  х/к 1,2', '30-1-2', (SELECT id FROM categories WHERE slug='truby-i-profil'), 'шт', 'https://mc.ru') ON CONFLICT DO NOTHING;
INSERT INTO price_items (id, product_id, supplier_id, price_base, price_markup, currency, stock_qty) VALUES ('87527acf-0672-483c-bcbe-872720ae7518', '55a86cc4-2a38-4661-8738-78be123629db', 'a2000000-0000-0000-0000-000000000001', 67590.00, 72997.20, 'RUB', 1000) ON CONFLICT DO NOTHING;
INSERT INTO products (id, name, slug, category_id, unit, description) VALUES ('ebf11a55-9125-4323-b541-4c65e2506900', '22   некондиция 1,5 ; 2; 2,5; 3', '22-1-5-2-2-5-3', (SELECT id FROM categories WHERE slug='truby-i-profil'), 'т', 'https://mc.ru') ON CONFLICT DO NOTHING;
INSERT INTO price_items (id, product_id, supplier_id, price_base, price_markup, currency, stock_qty) VALUES ('36f4d51c-265a-4257-8d1c-d6b36f910e47', 'ebf11a55-9125-4323-b541-4c65e2506900', 'a2000000-0000-0000-0000-000000000001', 28590.00, 30877.20, 'RUB', 1000) ON CONFLICT DO NOTHING;
INSERT INTO products (id, name, slug, category_id, unit, description) VALUES ('5771666a-542c-40fb-984d-4ee248b4c394', '22  х/к 1', '22-1', (SELECT id FROM categories WHERE slug='truby-i-profil'), 'шт', 'https://mc.ru') ON CONFLICT DO NOTHING;
INSERT INTO price_items (id, product_id, supplier_id, price_base, price_markup, currency, stock_qty) VALUES ('fd9a1b65-56ac-4af4-95c0-8c4be9fd023d', '5771666a-542c-40fb-984d-4ee248b4c394', 'a2000000-0000-0000-0000-000000000001', 66590.00, 71917.20, 'RUB', 1000) ON CONFLICT DO NOTHING;
INSERT INTO products (id, name, slug, category_id, unit, description) VALUES ('da505de8-a09a-49ff-8a68-b34531ed553c', '32 1,5', '32-1-5', (SELECT id FROM categories WHERE slug='truby-i-profil'), 'шт', 'https://mc.ru') ON CONFLICT DO NOTHING;
INSERT INTO price_items (id, product_id, supplier_id, price_base, price_markup, currency, stock_qty) VALUES ('a5d0f2f3-4371-43c1-b363-0f83b5c30862', 'da505de8-a09a-49ff-8a68-b34531ed553c', 'a2000000-0000-0000-0000-000000000001', 62090.00, 67057.20, 'RUB', 1000) ON CONFLICT DO NOTHING;
INSERT INTO products (id, name, slug, category_id, unit, description) VALUES ('eb1711b8-ff2f-47fe-a925-81784bc30669', '22  х/к 1,2', '22-1-2', (SELECT id FROM categories WHERE slug='truby-i-profil'), 'шт', 'https://mc.ru') ON CONFLICT DO NOTHING;
INSERT INTO price_items (id, product_id, supplier_id, price_base, price_markup, currency, stock_qty) VALUES ('9cd700f6-980a-4d51-baca-d140a75084ab', 'eb1711b8-ff2f-47fe-a925-81784bc30669', 'a2000000-0000-0000-0000-000000000001', 67590.00, 72997.20, 'RUB', 1000) ON CONFLICT DO NOTHING;
INSERT INTO products (id, name, slug, category_id, unit, description) VALUES ('e39a78af-4ad3-448d-9e13-8808bae6256c', '22  х/к некондиция 1', '22-1', (SELECT id FROM categories WHERE slug='truby-i-profil'), 'т', 'https://mc.ru') ON CONFLICT DO NOTHING;
INSERT INTO price_items (id, product_id, supplier_id, price_base, price_markup, currency, stock_qty) VALUES ('da79f98b-35fa-492b-b057-ac6516d51fd1', 'e39a78af-4ad3-448d-9e13-8808bae6256c', 'a2000000-0000-0000-0000-000000000001', 28590.00, 30877.20, 'RUB', 1000) ON CONFLICT DO NOTHING;
INSERT INTO products (id, name, slug, category_id, unit, description) VALUES ('ab68dba4-78f0-4bd2-af9a-5e6fef966721', '32', '32', (SELECT id FROM categories WHERE slug='truby-i-profil'), 'шт', 'https://mc.ru') ON CONFLICT DO NOTHING;
INSERT INTO price_items (id, product_id, supplier_id, price_base, price_markup, currency, stock_qty) VALUES ('5035b430-bc1d-4315-986d-9082eca6f7a7', 'ab68dba4-78f0-4bd2-af9a-5e6fef966721', 'a2000000-0000-0000-0000-000000000001', 58590.00, 63277.20, 'RUB', 1000) ON CONFLICT DO NOTHING;
INSERT INTO products (id, name, slug, category_id, unit, description) VALUES ('cda30847-3fab-4578-9695-851f93908a09', '25 0,8', '25-0-8', (SELECT id FROM categories WHERE slug='truby-i-profil'), 'т', 'https://mc.ru') ON CONFLICT DO NOTHING;
INSERT INTO price_items (id, product_id, supplier_id, price_base, price_markup, currency, stock_qty) VALUES ('4ac8af67-b4e2-4796-ba4f-329e2181483f', 'cda30847-3fab-4578-9695-851f93908a09', 'a2000000-0000-0000-0000-000000000001', 68090.00, 73537.20, 'RUB', 1000) ON CONFLICT DO NOTHING;
INSERT INTO products (id, name, slug, category_id, unit, description) VALUES ('236c2bca-9692-4746-9e1f-5b655af20cef', '32 2 ; 2,5', '32-2-2-5', (SELECT id FROM categories WHERE slug='truby-i-profil'), 'шт', 'https://mc.ru') ON CONFLICT DO NOTHING;
INSERT INTO price_items (id, product_id, supplier_id, price_base, price_markup, currency, stock_qty) VALUES ('2f533bca-0244-4cd3-9045-e6c2d84fbf5a', '236c2bca-9692-4746-9e1f-5b655af20cef', 'a2000000-0000-0000-0000-000000000001', 60090.00, 64897.20, 'RUB', 1000) ON CONFLICT DO NOTHING;
INSERT INTO products (id, name, slug, category_id, unit, description) VALUES ('11db594f-90e6-49e8-a1b1-5b4672348c28', '25 0,8', '25-0-8', (SELECT id FROM categories WHERE slug='truby-i-profil'), 'шт', 'https://mc.ru') ON CONFLICT DO NOTHING;
INSERT INTO price_items (id, product_id, supplier_id, price_base, price_markup, currency, stock_qty) VALUES ('583ad900-6db0-4749-b96d-156a570fc82a', '11db594f-90e6-49e8-a1b1-5b4672348c28', 'a2000000-0000-0000-0000-000000000001', 66090.00, 71377.20, 'RUB', 1000) ON CONFLICT DO NOTHING;
INSERT INTO products (id, name, slug, category_id, unit, description) VALUES ('dcaab6e5-ca74-430d-baed-9dfc81d19c3b', '32   некондиция 1,5 ; 2; 2,5; 3', '32-1-5-2-2-5-3', (SELECT id FROM categories WHERE slug='truby-i-profil'), 'т', 'https://mc.ru') ON CONFLICT DO NOTHING;
INSERT INTO price_items (id, product_id, supplier_id, price_base, price_markup, currency, stock_qty) VALUES ('e9e34f73-112b-4628-8ab7-3c68501fef09', 'dcaab6e5-ca74-430d-baed-9dfc81d19c3b', 'a2000000-0000-0000-0000-000000000001', 28590.00, 30877.20, 'RUB', 1000) ON CONFLICT DO NOTHING;
INSERT INTO products (id, name, slug, category_id, unit, description) VALUES ('4970f737-0fda-4b4d-8e60-aaaa93b8d594', '25 1,5', '25-1-5', (SELECT id FROM categories WHERE slug='truby-i-profil'), 'шт', 'https://mc.ru') ON CONFLICT DO NOTHING;
INSERT INTO price_items (id, product_id, supplier_id, price_base, price_markup, currency, stock_qty) VALUES ('03cd9a77-1773-47c5-9304-ea925b98f4b8', '4970f737-0fda-4b4d-8e60-aaaa93b8d594', 'a2000000-0000-0000-0000-000000000001', 60090.00, 64897.20, 'RUB', 1000) ON CONFLICT DO NOTHING;
INSERT INTO products (id, name, slug, category_id, unit, description) VALUES ('9e811b5f-d994-48dc-9352-7c393070bdb6', '32  х/к 1', '32-1', (SELECT id FROM categories WHERE slug='truby-i-profil'), 'шт', 'https://mc.ru') ON CONFLICT DO NOTHING;
INSERT INTO price_items (id, product_id, supplier_id, price_base, price_markup, currency, stock_qty) VALUES ('bd7e1b71-bd48-4483-832e-e53e2f7b738c', '9e811b5f-d994-48dc-9352-7c393070bdb6', 'a2000000-0000-0000-0000-000000000001', 67590.00, 72997.20, 'RUB', 1000) ON CONFLICT DO NOTHING;
INSERT INTO products (id, name, slug, category_id, unit, description) VALUES ('7be63d0c-2748-4585-a629-0b2d240aeeca', '32  х/к 1,2', '32-1-2', (SELECT id FROM categories WHERE slug='truby-i-profil'), 'шт', 'https://mc.ru') ON CONFLICT DO NOTHING;
INSERT INTO price_items (id, product_id, supplier_id, price_base, price_markup, currency, stock_qty) VALUES ('c5fccaf1-459b-4f82-9b50-fb027da136f8', '7be63d0c-2748-4585-a629-0b2d240aeeca', 'a2000000-0000-0000-0000-000000000001', 66590.00, 71917.20, 'RUB', 1000) ON CONFLICT DO NOTHING;
INSERT INTO products (id, name, slug, category_id, unit, description) VALUES ('bba72b7f-452a-4ec1-a694-0e458a102763', '25 1,5 ; 2', '25-1-5-2', (SELECT id FROM categories WHERE slug='truby-i-profil'), 'шт', 'https://mc.ru') ON CONFLICT DO NOTHING;
INSERT INTO price_items (id, product_id, supplier_id, price_base, price_markup, currency, stock_qty) VALUES ('49c79498-7b70-449c-91df-1abecc816421', 'bba72b7f-452a-4ec1-a694-0e458a102763', 'a2000000-0000-0000-0000-000000000001', 64090.00, 69217.20, 'RUB', 1000) ON CONFLICT DO NOTHING;
INSERT INTO products (id, name, slug, category_id, unit, description) VALUES ('35d4bcc2-f421-48df-b842-abd3c9c70d10', '32  х/к некондиция 1 ; 1,2', '32-1-1-2', (SELECT id FROM categories WHERE slug='truby-i-profil'), 'т', 'https://mc.ru') ON CONFLICT DO NOTHING;
INSERT INTO price_items (id, product_id, supplier_id, price_base, price_markup, currency, stock_qty) VALUES ('69bafa47-cb14-4f85-9d99-68aed0105d88', '35d4bcc2-f421-48df-b842-abd3c9c70d10', 'a2000000-0000-0000-0000-000000000001', 28590.00, 30877.20, 'RUB', 1000) ON CONFLICT DO NOTHING;
INSERT INTO products (id, name, slug, category_id, unit, description) VALUES ('c5010ea2-0203-4d06-8a7c-cffe8976ce8f', '25', '25', (SELECT id FROM categories WHERE slug='truby-i-profil'), 'шт', 'https://mc.ru') ON CONFLICT DO NOTHING;
INSERT INTO price_items (id, product_id, supplier_id, price_base, price_markup, currency, stock_qty) VALUES ('767240f5-9100-4960-8916-d958ec7b69f2', 'c5010ea2-0203-4d06-8a7c-cffe8976ce8f', 'a2000000-0000-0000-0000-000000000001', 64590.00, 69757.20, 'RUB', 1000) ON CONFLICT DO NOTHING;
INSERT INTO products (id, name, slug, category_id, unit, description) VALUES ('5e17307b-34d6-433f-96a6-38fa47c825b6', '34 1,5', '34-1-5', (SELECT id FROM categories WHERE slug='truby-i-profil'), 'шт', 'https://mc.ru') ON CONFLICT DO NOTHING;
INSERT INTO price_items (id, product_id, supplier_id, price_base, price_markup, currency, stock_qty) VALUES ('b8c0b846-3bf8-44cd-806d-55d76545bc01', '5e17307b-34d6-433f-96a6-38fa47c825b6', 'a2000000-0000-0000-0000-000000000001', 67590.00, 72997.20, 'RUB', 1000) ON CONFLICT DO NOTHING;
INSERT INTO products (id, name, slug, category_id, unit, description) VALUES ('533f7959-86d8-4c66-8429-a577a949fd8b', '25 3', '25-3', (SELECT id FROM categories WHERE slug='truby-i-profil'), 'шт', 'https://mc.ru') ON CONFLICT DO NOTHING;
INSERT INTO price_items (id, product_id, supplier_id, price_base, price_markup, currency, stock_qty) VALUES ('35cdd884-cbc3-4505-a4d5-997f93091994', '533f7959-86d8-4c66-8429-a577a949fd8b', 'a2000000-0000-0000-0000-000000000001', 60590.00, 65437.20, 'RUB', 1000) ON CONFLICT DO NOTHING;
INSERT INTO products (id, name, slug, category_id, unit, description) VALUES ('4ef9a59d-d46e-4748-90b2-2f0ad7cf1693', '34 2', '34-2', (SELECT id FROM categories WHERE slug='truby-i-profil'), 'шт', 'https://mc.ru') ON CONFLICT DO NOTHING;
INSERT INTO price_items (id, product_id, supplier_id, price_base, price_markup, currency, stock_qty) VALUES ('090dc29e-4fd2-4b7e-b746-7101266cb2fc', '4ef9a59d-d46e-4748-90b2-2f0ad7cf1693', 'a2000000-0000-0000-0000-000000000001', 61590.00, 66517.20, 'RUB', 1000) ON CONFLICT DO NOTHING;
INSERT INTO products (id, name, slug, category_id, unit, description) VALUES ('ac7b39fd-7d1a-4713-9c0f-6178b89ee469', '35 1', '35-1', (SELECT id FROM categories WHERE slug='truby-i-profil'), 'шт', 'https://mc.ru') ON CONFLICT DO NOTHING;
INSERT INTO price_items (id, product_id, supplier_id, price_base, price_markup, currency, stock_qty) VALUES ('040234ed-0a98-4f11-9a0d-7a4a5b74342f', 'ac7b39fd-7d1a-4713-9c0f-6178b89ee469', 'a2000000-0000-0000-0000-000000000001', 67590.00, 72997.20, 'RUB', 1000) ON CONFLICT DO NOTHING;
