-- =============================================
-- МЕТАЛЛПОРТАЛ — Seed Data
-- Run this AFTER schema.sql in the Supabase SQL Editor
-- =============================================

-- =============================================
-- MAIN CATEGORIES
-- =============================================

insert into categories (id, name, slug, description, icon, image_url, sort_order) values
  ('a1000000-0000-0000-0000-000000000001', 'Металлопрокат',          'metalloprokat', 'Трубы, арматура, листы, балки, уголки и другой металлопрокат',          '🔩', 'https://images.unsplash.com/photo-1587293852726-70cdb56c2866?w=800&q=80', 1),
  ('a1000000-0000-0000-0000-000000000002', 'Готовые конструкции',    'konstruktsii',  'Ангары, склады, навесы, каркасы зданий',                                '🏗️', 'https://images.unsplash.com/photo-1581094794329-c8112a89af12?w=800&q=80', 2),
  ('a1000000-0000-0000-0000-000000000003', 'Заборы и ограждения',    'zabory',        'Профнастил, сетка, ворота, калитки, рабица',                            '🚧', 'https://images.unsplash.com/photo-1558618666-fcd25c85cd64?w=800&q=80', 3),
  ('a1000000-0000-0000-0000-000000000004', 'Быстровозводимые здания','zdaniya',       'Модульные здания, склады, ангары, павильоны',                           '🧱', 'https://images.unsplash.com/photo-1503387762-592deb58ef4e?w=800&q=80', 4),
  ('a1000000-0000-0000-0000-000000000005', 'Изделия на заказ',       'zakaz',         'Индивидуальные металлоконструкции и изделия по вашим чертежам',          '📦', 'https://images.unsplash.com/photo-1504307651254-35680f356dfd?w=800&q=80', 5);

-- =============================================
-- SUBCATEGORIES FOR Металлопрокат
-- =============================================

insert into categories (id, name, slug, description, icon, parent_id, sort_order) values
  ('b1000000-0000-0000-0000-000000000001', 'Трубы и профиль',   'truby-i-profil',    'Профильные, круглые, водогазопроводные трубы',                         '🔧', 'a1000000-0000-0000-0000-000000000001', 1),
  ('b1000000-0000-0000-0000-000000000002', 'Арматура и сетка',  'armatura-i-setka',   'Арматура А500С, кладочная и дорожная сетка',                           '⚙️', 'a1000000-0000-0000-0000-000000000001', 2),
  ('b1000000-0000-0000-0000-000000000003', 'Листы и плиты',     'listy-i-plity',      'Горячекатаный, холоднокатаный, оцинкованный листовой прокат',          '📄', 'a1000000-0000-0000-0000-000000000001', 3),
  ('b1000000-0000-0000-0000-000000000004', 'Балки и швеллеры',  'balki-i-shvellery',  'Двутавровые балки, швеллеры ГОСТ',                                     '🏗️', 'a1000000-0000-0000-0000-000000000001', 4),
  ('b1000000-0000-0000-0000-000000000005', 'Уголки и полосы',   'ugolki-i-polosy',    'Равнополочные и неравнополочные уголки, стальные полосы',                '📐', 'a1000000-0000-0000-0000-000000000001', 5);

-- =============================================
-- DEMO USERS (suppliers)
-- =============================================

insert into users (id, email, full_name, phone, company_name, inn, role, is_verified) values
  ('c1000000-0000-0000-0000-000000000001', 'info@metallstroy.ru',   'Иванов Пётр',    '+7 (495) 111-11-11', 'МеталлСтрой',      '7701234567', 'supplier', true),
  ('c1000000-0000-0000-0000-000000000002', 'sales@uralinvest.ru',   'Сидорова Мария',  '+7 (343) 222-22-22', 'УралИнвестМеталл', '6601234567', 'supplier', true),
  ('c1000000-0000-0000-0000-000000000003', 'opt@sibmetal.ru',       'Кузнецов Алексей','+7 (383) 333-33-33', 'СибМеталл',        '5401234567', 'supplier', true);

-- =============================================
-- DEMO SUPPLIERS
-- =============================================

insert into suppliers (id, user_id, company_name, inn, region, city, contact_person, contact_phone, contact_email, description, is_verified, rating) values
  ('d1000000-0000-0000-0000-000000000001', 'c1000000-0000-0000-0000-000000000001', 'МеталлСтрой',      '7701234567', 'Москва',              'Москва',         'Иванов Пётр',     '+7 (495) 111-11-11', 'info@metallstroy.ru',  'Прямой поставщик металлопроката с 2008 года',     true, 4.80),
  ('d1000000-0000-0000-0000-000000000002', 'c1000000-0000-0000-0000-000000000002', 'УралИнвестМеталл', '6601234567', 'Свердловская область', 'Екатеринбург',   'Сидорова Мария',  '+7 (343) 222-22-22', 'sales@uralinvest.ru',  'Крупнейший дистрибьютор на Урале',                 true, 4.60),
  ('d1000000-0000-0000-0000-000000000003', 'c1000000-0000-0000-0000-000000000003', 'СибМеталл',        '5401234567', 'Новосибирская область','Новосибирск',    'Кузнецов Алексей','+7 (383) 333-33-33', 'opt@sibmetal.ru',      'Оптовые поставки по Сибири и Дальнему Востоку',    true, 4.50);

-- =============================================
-- DEMO PRODUCTS  (Трубы и профиль)
-- =============================================

insert into products (id, name, slug, description, category_id, supplier_id, gost, material, steel_grade, diameter, thickness, length, coating, dimensions, weight_per_unit, weight_per_meter, min_order, unit, image_url) values
  ('e1000000-0000-0000-0000-000000000001', 'Труба профильная 40×40×2',       'truba-profilnaya-40x40x2',      'Труба стальная профильная квадратная',        'b1000000-0000-0000-0000-000000000001', 'd1000000-0000-0000-0000-000000000001', 'ГОСТ 30245-2003', 'Сталь',  'Ст3сп',  null,  2.00, 6.00, null,         '40×40×2 мм',   null,   2.3600, 1, 'т', 'https://images.unsplash.com/photo-1587293852726-70cdb56c2866?w=400&q=80'),
  ('e1000000-0000-0000-0000-000000000002', 'Труба профильная 60×40×3',       'truba-profilnaya-60x40x3',      'Труба стальная профильная прямоугольная',     'b1000000-0000-0000-0000-000000000001', 'd1000000-0000-0000-0000-000000000001', 'ГОСТ 30245-2003', 'Сталь',  'Ст3сп',  null,  3.00, 6.00, null,         '60×40×3 мм',   null,   4.3900, 1, 'т', 'https://images.unsplash.com/photo-1587293852726-70cdb56c2866?w=400&q=80'),
  ('e1000000-0000-0000-0000-000000000003', 'Труба круглая ⌀57×3.5',         'truba-kruglaya-57x3-5',         'Труба стальная электросварная круглая',       'b1000000-0000-0000-0000-000000000001', 'd1000000-0000-0000-0000-000000000002', 'ГОСТ 10704-91',   'Сталь',  'Ст20',   57.00, 3.50, 6.00, null,         '⌀57×3.5 мм',   null,   4.6200, 1, 'т', 'https://images.unsplash.com/photo-1565008576549-57569a49371d?w=400&q=80'),
  ('e1000000-0000-0000-0000-000000000004', 'Труба ВГП ⌀25×3.2',             'truba-vgp-25x3-2',              'Труба водогазопроводная оцинкованная',        'b1000000-0000-0000-0000-000000000001', 'd1000000-0000-0000-0000-000000000003', 'ГОСТ 3262-75',    'Сталь',  'Ст3сп',  25.00, 3.20, 6.00, 'Оцинковка',  '⌀25×3.2 мм',   null,   1.7800, 0.5, 'т', 'https://images.unsplash.com/photo-1565008576549-57569a49371d?w=400&q=80');

-- (Арматура и сетка)
insert into products (id, name, slug, description, category_id, supplier_id, gost, material, steel_grade, diameter, thickness, length, coating, dimensions, weight_per_unit, weight_per_meter, min_order, unit, image_url) values
  ('e1000000-0000-0000-0000-000000000005', 'Арматура А500С ⌀12мм',          'armatura-a500s-12mm',           'Арматура стальная горячекатаная',             'b1000000-0000-0000-0000-000000000002', 'd1000000-0000-0000-0000-000000000001', 'ГОСТ 34028-2016', 'Сталь',  'А500С',  12.00, null, 11.70, null,        '⌀12 мм',       null,   0.8880, 1, 'т', 'https://images.unsplash.com/photo-1565008576549-57569a49371d?w=400&q=80'),
  ('e1000000-0000-0000-0000-000000000006', 'Арматура А500С ⌀16мм',          'armatura-a500s-16mm',           'Арматура стальная горячекатаная',             'b1000000-0000-0000-0000-000000000002', 'd1000000-0000-0000-0000-000000000002', 'ГОСТ 34028-2016', 'Сталь',  'А500С',  16.00, null, 11.70, null,        '⌀16 мм',       null,   1.5800, 1, 'т', 'https://images.unsplash.com/photo-1565008576549-57569a49371d?w=400&q=80'),
  ('e1000000-0000-0000-0000-000000000007', 'Сетка кладочная 100×100×4',      'setka-kladochnaya-100x100x4',   'Сетка сварная кладочная из проволоки ВР-1',  'b1000000-0000-0000-0000-000000000002', 'd1000000-0000-0000-0000-000000000001', 'ГОСТ 23279-2012', 'Сталь',  'ВР-1',   4.00,  null, 2.00, null,         '100×100×4 мм',  null,   0.0000, 10, 'шт', null);

-- (Листы и плиты)
insert into products (id, name, slug, description, category_id, supplier_id, gost, material, steel_grade, diameter, thickness, length, coating, dimensions, weight_per_unit, weight_per_meter, min_order, unit, image_url) values
  ('e1000000-0000-0000-0000-000000000008', 'Лист г/к 3мм 1500×6000',        'list-gk-3mm-1500x6000',         'Лист стальной горячекатаный',                 'b1000000-0000-0000-0000-000000000003', 'd1000000-0000-0000-0000-000000000001', 'ГОСТ 19903-2015', 'Сталь',  'Ст3сп',  null,  3.00, 6.00, null,         '3×1500×6000 мм', 0.2120, null,  1, 'т', 'https://images.unsplash.com/photo-1564424224827-cd24c93f95fd?w=400&q=80'),
  ('e1000000-0000-0000-0000-000000000009', 'Лист оцинкованный 0.7мм 1250×2500','list-ocink-07mm-1250x2500',  'Лист стальной оцинкованный',                  'b1000000-0000-0000-0000-000000000003', 'd1000000-0000-0000-0000-000000000002', 'ГОСТ 14918-2020', 'Сталь',  '08пс',   null,  0.70, 2.50, 'Оцинковка',  '0.7×1250×2500 мм', 0.0172, null, 1, 'т', 'https://images.unsplash.com/photo-1564424224827-cd24c93f95fd?w=400&q=80');

-- (Балки и швеллеры)
insert into products (id, name, slug, description, category_id, supplier_id, gost, material, steel_grade, diameter, thickness, length, coating, dimensions, weight_per_unit, weight_per_meter, min_order, unit, image_url) values
  ('e1000000-0000-0000-0000-000000000010', 'Швеллер 10П',                    'shveller-10p',                  'Швеллер стальной горячекатаный',              'b1000000-0000-0000-0000-000000000004', 'd1000000-0000-0000-0000-000000000001', 'ГОСТ 8240-97',    'Сталь',  'Ст3сп',  null,  null, 12.00, null,        '10П',           null,   8.5900, 1, 'т', null),
  ('e1000000-0000-0000-0000-000000000011', 'Балка двутавровая 20Б1',         'balka-dvutavr-20b1',            'Балка стальная двутавровая',                  'b1000000-0000-0000-0000-000000000004', 'd1000000-0000-0000-0000-000000000003', 'ГОСТ 26020-83',   'Сталь',  'Ст3сп',  null,  null, 12.00, null,        '20Б1',          null,   22.400, 1, 'т', null);

-- (Уголки и полосы)
insert into products (id, name, slug, description, category_id, supplier_id, gost, material, steel_grade, diameter, thickness, length, coating, dimensions, weight_per_unit, weight_per_meter, min_order, unit, image_url) values
  ('e1000000-0000-0000-0000-000000000012', 'Уголок равнополочный 50×50×5',   'ugolok-50x50x5',                'Уголок стальной горячекатаный равнополочный', 'b1000000-0000-0000-0000-000000000005', 'd1000000-0000-0000-0000-000000000001', 'ГОСТ 8509-93',    'Сталь',  'Ст3сп',  null,  5.00, 6.00, null,         '50×50×5 мм',    null,   3.7700, 1, 'т', null),
  ('e1000000-0000-0000-0000-000000000013', 'Полоса стальная 40×4',           'polosa-40x4',                   'Полоса стальная горячекатаная',               'b1000000-0000-0000-0000-000000000005', 'd1000000-0000-0000-0000-000000000002', 'ГОСТ 103-2006',   'Сталь',  'Ст3сп',  null,  4.00, 6.00, null,         '40×4 мм',       null,   1.2560, 1, 'т', null);

-- =============================================
-- PRICE ITEMS (multiple suppliers per product)
-- =============================================

insert into price_items (product_id, supplier_id, base_price, discount_price, min_quantity, in_stock, stock_quantity, delivery_days) values
  -- Труба профильная 40×40×2
  ('e1000000-0000-0000-0000-000000000001', 'd1000000-0000-0000-0000-000000000001', 68000, 62000, 1, true,  45.0, 1),
  ('e1000000-0000-0000-0000-000000000001', 'd1000000-0000-0000-0000-000000000002', 70500, 65000, 1, true,  20.0, 3),
  ('e1000000-0000-0000-0000-000000000001', 'd1000000-0000-0000-0000-000000000003', 67000, null,  2, true,  80.0, 5),
  -- Труба профильная 60×40×3
  ('e1000000-0000-0000-0000-000000000002', 'd1000000-0000-0000-0000-000000000001', 72000, 67500, 1, true,  30.0, 1),
  -- Труба круглая ⌀57×3.5
  ('e1000000-0000-0000-0000-000000000003', 'd1000000-0000-0000-0000-000000000002', 65000, 61000, 1, true,  15.0, 2),
  ('e1000000-0000-0000-0000-000000000003', 'd1000000-0000-0000-0000-000000000003', 63500, null,  2, true,  50.0, 4),
  -- Труба ВГП ⌀25×3.2
  ('e1000000-0000-0000-0000-000000000004', 'd1000000-0000-0000-0000-000000000003', 78000, 73000, 0.5, true, 25.0, 3),
  -- Арматура А500С ⌀12мм
  ('e1000000-0000-0000-0000-000000000005', 'd1000000-0000-0000-0000-000000000001', 52000, 48500, 1, true,  120.0, 1),
  ('e1000000-0000-0000-0000-000000000005', 'd1000000-0000-0000-0000-000000000002', 53500, 49000, 1, true,  60.0,  2),
  ('e1000000-0000-0000-0000-000000000005', 'd1000000-0000-0000-0000-000000000003', 51000, null,  3, true,  200.0, 5),
  -- Арматура А500С ⌀16мм
  ('e1000000-0000-0000-0000-000000000006', 'd1000000-0000-0000-0000-000000000002', 51500, 48000, 1, true,  80.0, 2),
  -- Сетка кладочная
  ('e1000000-0000-0000-0000-000000000007', 'd1000000-0000-0000-0000-000000000001', 280, 250, 10, true,  500, 1),
  -- Лист г/к 3мм
  ('e1000000-0000-0000-0000-000000000008', 'd1000000-0000-0000-0000-000000000001', 58000, 54000, 1, true,  35.0, 1),
  ('e1000000-0000-0000-0000-000000000008', 'd1000000-0000-0000-0000-000000000003', 56500, null,  2, true,  70.0, 4),
  -- Лист оцинкованный
  ('e1000000-0000-0000-0000-000000000009', 'd1000000-0000-0000-0000-000000000002', 82000, 76000, 1, true,  18.0, 3),
  -- Швеллер 10П
  ('e1000000-0000-0000-0000-000000000010', 'd1000000-0000-0000-0000-000000000001', 64000, 59500, 1, true,  25.0, 1),
  ('e1000000-0000-0000-0000-000000000010', 'd1000000-0000-0000-0000-000000000003', 62000, null,  2, true,  40.0, 5),
  -- Балка двутавровая 20Б1
  ('e1000000-0000-0000-0000-000000000011', 'd1000000-0000-0000-0000-000000000003', 68000, 64000, 1, true,  15.0, 4),
  -- Уголок 50×50×5
  ('e1000000-0000-0000-0000-000000000012', 'd1000000-0000-0000-0000-000000000001', 56000, 52000, 1, true,  40.0, 1),
  ('e1000000-0000-0000-0000-000000000012', 'd1000000-0000-0000-0000-000000000002', 57500, 53500, 1, true,  20.0, 3),
  -- Полоса 40×4
  ('e1000000-0000-0000-0000-000000000013', 'd1000000-0000-0000-0000-000000000002', 54000, 50000, 1, true,  30.0, 2);
